ticker,name,city,isin,status
A1CAP,A1 CAPİTAL YATIRIM MENKUL DEĞERLER A.Ş.,İSTANBUL,TREA1CP00024,STOCK
A1YEN,A1 YENİLENEBİLİR ENERJİ ÜRETİM A.Ş.,İSTANBUL,,UNRESOLVED
AAGYO,AĞAOĞLU AVRASYA GAYRİMENKUL YATIRIM ORTAKLIĞI A.Ş.,İSTANBUL,TREAGVR00014,STOCK
ACP,A1 CAPİTAL YATIRIM MENKUL DEĞERLER A.Ş.,İSTANBUL,,DUPLICATE (see A1CAP)
ACSEL,ACISELSAN ACIPAYAM SELÜLOZ SANAYİ VE TİCARET A.Ş.,DENİZLİ,TREACSS00017,STOCK
ADEL,ADEL KALEMCİLİK TİCARET VE SANAYİ A.Ş.,KOCAELİ,TRAADELW91T1,STOCK
ADESE,ADESE GAYRİMENKUL YATIRIM A.Ş.,KONYA,TREADSE00015,STOCK
ADGYO,ADRA GAYRİMENKUL YATIRIM ORTAKLIĞI A.Ş.,İZMİR,TREADRA00023,STOCK
ADLVY,ADİL VARLIK YÖNETİM A.Ş.,İSTANBUL,,NON_EQUITY
AEFES,ANADOLU EFES BİRACILIK VE MALT SANAYİİ A.Ş.,,TRAAEFES91A9,STOCK
AFB,AKTİF YATIRIM BANKASI A.Ş.,İSTANBUL,,NON_EQUITY
AFYON,AFYON ÇİMENTO SANAYİ T.A.Ş.,İSTANBUL,TRAAFYON91F6,STOCK
AGESA,AGESA HAYAT VE EMEKLİLİK A.Ş.,İSTANBUL,TRECUHE00018,STOCK
AGHOL,AG ANADOLU GRUBU HOLDİNG A.Ş.,İSTANBUL,TRAYAZIC91Q6,STOCK
AGROT,AGROTECH YÜKSEK TEKNOLOJİ VE YATIRIM A.Ş.,İSTANBUL,TREAGRT00018,STOCK
AGYO,ATAKULE GAYRİMENKUL YATIRIM ORTAKLIĞI A.Ş.,ANKARA,TRAAGYOW91Q2,STOCK
AHGAZ,AHLATCI DOĞAL GAZ DAĞITIM ENERJİ VE YATIRIM A.Ş.,İSTANBUL,TREAHLA00019,STOCK
AHSGY,AHES GAYRİMENKUL YATIRIM ORTAKLIĞI A.Ş.,İSTANBUL,TREAHES00016,STOCK
AKBNK,AKBANK T.A.Ş.,İSTANBUL,TRAAKBNK91N6,STOCK
AKCNS,AKÇANSA ÇİMENTO SANAYİ VE TİCARET A.Ş.,İSTANBUL,TRAAKCNS91F3,STOCK
AKCVR,AKADEMİ ÇEVRE ENTEGRE ATIK YÖNETİMİ ENDÜSTRİ A.Ş.,İSTANBUL,,UNRESOLVED
AKDFA,AKDENİZ FAKTORİNG A.Ş.,İSTANBUL,,NON_EQUITY
AKENR,AKENERJİ ELEKTRİK ÜRETİM A.Ş.,İSTANBUL,TRAAKENR91L9,STOCK
AKFGY,AKFEN GAYRİMENKUL YATIRIM ORTAKLIĞI A.Ş.,İSTANBUL,TREAKFG00012,STOCK
AKFIS,AKFEN İNŞAAT TURİZM VE TİCARET A.Ş.,ANKARA,TREAKFI00018,STOCK
AKFK,AK FİNANSAL KİRALAMA A.Ş.,İSTANBUL,,NON_EQUITY
AKFYE,AKFEN YENİLENEBİLİR ENERJİ A.Ş.,ANKARA,TREAKFY00015,STOCK
AKGRT,AKSİGORTA A.Ş.,İSTANBUL,TRAAKGRT91O5,STOCK
AKHAN,AKHAN UN FABRİKASI VE TARIM ÜRÜNLERİ GIDA SANAYİ TİCARET A.Ş.,ADANA,TREAKHN00014,STOCK
AKM,AK YATIRIM MENKUL DEĞERLER A.Ş.,İSTANBUL,,NON_EQUITY
AKMEN,AK YATIRIM MENKUL DEĞERLER A.Ş.,İSTANBUL,,NON_EQUITY
AKMGY,AKMERKEZ GAYRİMENKUL YATIRIM ORTAKLIĞI A.Ş.,İSTANBUL,TREAKMG00018,STOCK
AKSA,AKSA AKRİLİK KİMYA SANAYİİ A.Ş.,YALOVA,TRAAKSAW91E1,STOCK
AKSEN,AKSA ENERJİ ÜRETİM A.Ş.,İSTANBUL,TREAKSN00011,STOCK
AKSFA,AK FAKTORİNG A.Ş.,İSTANBUL,,NON_EQUITY
AKSGY,AKİŞ GAYRİMENKUL YATIRIM ORTAKLIĞI A.Ş.,İSTANBUL,TREAIGY00017,STOCK
AKSUE,AKSU ENERJİ VE TİCARET A.Ş.,ISPARTA,TRAAKSUE91L2,STOCK
AKTIF,AKTİF YATIRIM BANKASI A.Ş.,İSTANBUL,,NON_EQUITY
AKTVK,AKTİF BANK SUKUK VARLIK KİRALAMA A.Ş.,İSTANBUL,,NON_EQUITY
AKYHO,AKDENİZ YATIRIM HOLDİNG A.Ş.,İSTANBUL,TREAKGH00018,STOCK
ALARK,ALARKO HOLDİNG A.Ş.,İSTANBUL,TRAALARK91Q0,STOCK
ALBRK,ALBARAKA TÜRK KATILIM BANKASI A.Ş.,İSTANBUL,TREALBK00011,STOCK
ALCAR,ALARKO CARRIER SANAYİ VE TİCARET A.Ş.,İSTANBUL,TRAALRSA91H2,STOCK
ALCTL,ALCATEL LUCENT TELETAŞ TELEKOMÜNİKASYON A.Ş.,İSTANBUL,TRAALCTL91H9,STOCK
ALFAS,ALFA SOLAR ENERJİ SANAYİ VE TİCARET A.Ş.,ANKARA,TREALFS00023,STOCK
ALGYO,ALARKO GAYRİMENKUL YATIRIM ORTAKLIĞI A.Ş.,İSTANBUL,TRAALGYO91Q5,STOCK
ALJF,ALJ FİNANSMAN A.Ş.,İSTANBUL,,NON_EQUITY
ALK,ALBARAKA TÜRK KATILIM BANKASI A.Ş.,İSTANBUL,,DUPLICATE (see ALBRK)
ALKA,ALKİM KAĞIT SANAYİ VE TİCARET A.Ş.,İZMİR,TRAALKAW91D8,STOCK
ALKIM,ALKİM ALKALİ KİMYA A.Ş.,İSTANBUL,TRAALKIM91E0,STOCK
ALKLC,ALTINKILIÇ GIDA VE SÜT SANAYİ TİCARET A.Ş.,İSTANBUL,TREALTK00013,STOCK
ALNUS,ALNUS YATIRIM MENKUL DEĞERLER A.Ş.,İSTANBUL,,NON_EQUITY
ALTNY,ALTINAY SAVUNMA TEKNOLOJİLERİ A.Ş.,İSTANBUL,TREALTA00014,STOCK
ALVES,ALVES KABLO SANAYİ VE TİCARET A.Ş.,ANKARA,TREALVS00012,STOCK
ANC,ALNUS YATIRIM MENKUL DEĞERLER A.Ş.,İSTANBUL,,NON_EQUITY
ANELE,ANEL ELEKTRİK PROJE TAAHHÜT VE TİCARET A.Ş.,İSTANBUL,TREAEPT00017,STOCK
ANGEN,ANATOLİA TANI VE BİYOTEKNOLOJİ ÜRÜNLERİ ARAŞTIRMA GELİŞTİRME SANAYİ VE TİCARET A.Ş.,,TREANGN00028,STOCK
ANHYT,ANADOLU HAYAT EMEKLİLİK A.Ş.,İSTANBUL,TRAANHYT91O3,STOCK
ANSGR,ANADOLU ANONİM TÜRK SİGORTA ŞİRKETİ,İSTANBUL,TRAANSGR91O1,STOCK
ARASE,DOĞU ARAS ENERJİ YATIRIMLARI A.Ş.,ERZURUM,TREARAS00039,STOCK
ARCLK,ARÇELİK A.Ş.,İSTANBUL,TRAARCLK91H5,STOCK
ARDYZ,ARD GRUP BİLİŞİM TEKNOLOJİLERİ A.Ş.,ANKARA,TREARDY00023,STOCK
ARENA,ARENA BİLGİSAYAR SANAYİ VE TİCARET A.Ş.,İSTANBUL,TRAARENA91U1,STOCK
ARFYE,ARF BİO YENİLENEBİLİR ENERJİ ÜRETİM A.Ş.,ANKARA,TREARFB00018,STOCK
ARMGD,ARMADA GIDA TİCARET SANAYİ A.Ş.,MERSİN,TREARDG00020,STOCK
ARSAN,ARSAN HOLDİNG A.Ş.,KAHRAMANMARAŞ,TRAARSAN91B1,STOCK
ARSVY,ARSAN VARLIK YÖNETİM A.Ş.,İSTANBUL,,NON_EQUITY
ARTMS,ARTEMİS HALI A.Ş.,İSTANBUL,TREATMS00014,STOCK
ARZUM,ARZUM ELEKTRİKLİ EV ALETLERİ SANAYİ VE TİCARET A.Ş.,İSTANBUL,TREAZEV00020,STOCK
ASELS,ASELSAN ELEKTRONİK SANAYİ VE TİCARET A.Ş.,ANKARA,TRAASELS91H2,STOCK
ASGYO,ASCE GAYRİMENKUL YATIRIM ORTAKLIĞI A.Ş.,GAZİANTEP,TREASCE00033,STOCK
ASTOR,ASTOR ENERJİ A.Ş.,ANKARA,TREASTR00013,STOCK
ASUZU,ANADOLU ISUZU OTOMOTİV SANAYİ VE TİCARET A.Ş.,İSTANBUL,TRAASUZU91H4,STOCK
ATA,ATA YATIRIM MENKUL KIYMETLER A.Ş.,İSTANBUL,,NON_EQUITY
ATAGY,ATA GAYRİMENKUL YATIRIM ORTAKLIĞI A.Ş.,İSTANBUL,TRAATAYO91Q1,STOCK
ATAKP,ATAKEY PATATES GIDA SANAYİ VE TİCARET A.Ş.,İSTANBUL,TREATKY00016,STOCK
ATATP,ATP YAZILIM VE TEKNOLOJİ A.Ş.,İSTANBUL,TREATTP00023,STOCK
ATATR,ATA TURİZM İŞLETMECİLİK TAŞIMACILIK MADENCİLİK KUYUMCULUK SANAYİ VE DIŞ TİCARET A.Ş.,İSTANBUL,TREATTR00011,STOCK
ATAVK,ATA VARLIK KİRALAMA A.Ş.,İSTANBUL,,NON_EQUITY
ATAYM,ATA YATIRIM MENKUL KIYMETLER A.Ş.,İSTANBUL,,NON_EQUITY
ATEKS,AKIN TEKSTİL A.Ş.,İSTANBUL,TRAATEKS91B5,STOCK
ATLAS,ATLAS MENKUL KIYMETLER YATIRIM ORTAKLIĞI A.Ş.,İSTANBUL,TRAATLAS91Q9,STOCK
ATLFA,ATILIM FAKTORİNG A.Ş.,İSTANBUL,,NON_EQUITY
ATSYH,ATLANTİS YATIRIM HOLDİNG A.Ş.,İSTANBUL,TRAATSYO91Q3,STOCK
AVGYO,AVRASYA GAYRİMENKUL YATIRIM ORTAKLIĞI A.Ş.,İSTANBUL,TRAAVRSY91Q2,STOCK
AVHOL,AVRUPA YATIRIM HOLDİNG A.Ş.,İSTANBUL,TREBYTS00017,STOCK
AVOD,A.V.O.D. KURUTULMUŞ GIDA VE TARIM ÜRÜNLERİ SANAYİ TİCARET A.Ş.,İZMİR,TREAVOD00018,STOCK
AVPGY,AVRUPAKENT GAYRİMENKUL YATIRIM ORTAKLIĞI A.Ş.,İSTANBUL,TREAVRK00024,STOCK
AVTUR,AVRASYA PETROL VE TURİSTİK TESİSLER YATIRIMLAR A.Ş.,İSTANBUL,,UNRESOLVED
AYCES,ALTIN YUNUS ÇEŞME TURİSTİK TESİSLER A.Ş.,İZMİR,TRAAYCES92K1,STOCK
AYDEM,AYDEM YENİLENEBİLİR ENERJİ A.Ş.,DENİZLİ,TREAYDM00024,STOCK
AYEN,AYEN ENERJİ A.Ş.,ANKARA,TRAAYENW91L0,STOCK
AYES,AYES ÇELİK HASIR VE ÇİT SANAYİ A.Ş.,İSTANBUL,TREAYES00011,STOCK
AYGAZ,AYGAZ A.Ş.,İSTANBUL,TRAAYGAZ91E0,STOCK
AZTEK,AZTEK TEKNOLOJİ ÜRÜNLERİ TİCARET A.Ş.,İSTANBUL,TREAZTK00021,STOCK
BAGFS,BAGFAŞ BANDIRMA GÜBRE FABRİKALARI A.Ş.,İSTANBUL,TRABAGFS91E2,STOCK
BAHKM,BAHADIR KİMYA SANAYİ VE TİCARET A.Ş.,KIRIKKALE,TREBHDR00018,STOCK
BAKAB,BAK AMBALAJ SANAYİ VE TİCARET A.Ş.,İZMİR,TRABAKAB91D3,STOCK
BALAT,BALATACILAR BALATACILIK SANAYİ VE TİCARET A.Ş.,İZMİR,TREBLTA00012,STOCK
BALSU,BALSU GIDA SANAYİ VE TİCARET A.Ş.,İSTANBUL,TREBALS00022,STOCK
BANVT,BANVİT BANDIRMA VİTAMİNLİ YEM SANAYİ A.Ş.,BALIKESİR,TRABANVT92A9,STOCK
BARMA,BAREM AMBALAJ SANAYİ VE TİCARET A.Ş.,İZMİR,TREBARM00014,STOCK
BASCM,BAŞTAŞ BAŞKENT ÇİMENTO SANAYİ VE TİCARET A.Ş.,ANKARA,TREBASC00013,STOCK
BASGZ,BAŞKENT DOĞALGAZ DAĞITIM GAYRİMENKUL YATIRIM ORTAKLIĞI A.Ş.,ANKARA,TREBSGZ00037,STOCK
BAYRK,BAYRAK EBT TABAN SANAYİ VE TİCARET A.Ş.,İSTANBUL,TREBYRK00026,STOCK
BEGYO,BATI EGE GAYRİMENKUL YATIRIM ORTAKLIĞI A.Ş.,DENİZLİ,TREBTEG00014,STOCK
BERA,BERA HOLDİNG A.Ş.,KONYA,TREKMBH00014,STOCK
BESLR,BESLER GIDA VE KİMYA SANAYİ VE TİCARET A.Ş.,İSTANBUL,,UNRESOLVED
BESTE,BEST BRANDS GRUP ENERJİ YATIRIM A.Ş.,İSTANBUL,TREBSBR00019,STOCK
BETAE,BETA ENERJİ VE TEKNOLOJİ A.Ş.,ADANA,TREBTAE00025,STOCK
BEYAZ,BEYAZ FİLO OTO KİRALAMA A.Ş.,ANKARA,TREBFOK00014,STOCK
BFREN,BOSCH FREN SİSTEMLERİ SANAYİ VE TİCARET A.Ş.,BURSA,TRABFREN91H5,STOCK
BIENY,BİEN YAPI ÜRÜNLERİ SANAYİ TURİZM VE TİCARET A.Ş.,ANKARA,TREBNYP00016,STOCK
BIGCH,BÜYÜK ŞEFLER GIDA TURİZM TEKSTİL DANIŞMANLIK ORGANİZASYON EĞİTİM SANAYİ VE TİCARET A.Ş.,İSTANBUL,TREBIGC00011,STOCK
BIGEN,BİRLEŞİM GRUP ENERJİ YATIRIMLARI A.Ş.,İSTANBUL,TREBYEN00010,STOCK
BIGTK,BİG MEDYA TEKNOLOJİ A.Ş.,İSTANBUL,,UNRESOLVED
BIMAS,BİM BİRLEŞİK MAĞAZALAR A.Ş.,İSTANBUL,TREBIMM00018,STOCK
BINBN,BİN ULAŞIM VE AKILLI ŞEHİR TEKNOLOJİLERİ A.Ş.,İSTANBUL,TREBINU00019,STOCK
BINHO,1000 YATIRIMLAR HOLDİNG A.Ş.,İSTANBUL,TREBINH00024,STOCK
BIOEN,BİOTREND ÇEVRE VE ENERJİ YATIRIMLARI A.Ş.,İSTANBUL,TREBION00012,STOCK
BIZIM,BİZİM TOPTAN SATIŞ MAĞAZALARI A.Ş.,İSTANBUL,TREBZMT00017,STOCK
BJKAS,BEŞİKTAŞ FUTBOL YATIRIMLARI SANAYİ VE TİCARET A.Ş.,İSTANBUL,TRABJKAS91X6,STOCK
BLCYT,BİLİCİ YATIRIM SANAYİ VE TİCARET A.Ş.,ADANA,TREBLCY00018,STOCK
BLKOM,BİLKOM BİLİŞİM HİZMETLERİ A.Ş.,İSTANBUL,,UNRESOLVED
BLS,BULLS YATIRIM MENKUL DEĞERLER A.Ş.,İSTANBUL,,NON_EQUITY
BLSMD,BULLS YATIRIM MENKUL DEĞERLER A.Ş.,İSTANBUL,,NON_EQUITY
BLUME,BLUME METAL KİMYA A.Ş.,İSTANBUL,,UNRESOLVED
BMSCH,BMS ÇELİK HASIR SANAYİ VE TİCARET A.Ş.,MANİSA,TREBMSC00018,STOCK
BMSTL,BMS BİRLEŞİK METAL SANAYİ VE TİCARET A.Ş.,İSTANBUL,TREBMSM00017,STOCK
BNPPI,BNP PARIBAS ISSUANCE B.V.,,,NON_EQUITY
BNTAS,BANTAŞ BANDIRMA AMBALAJ SANAYİ VE TİCARET A.Ş.,BALIKESİR,TREBANT00026,STOCK
BOBET,BOĞAZİÇİ BETON SANAYİ VE TİCARET A.Ş.,İSTANBUL,TREBOBT00014,STOCK
BORLS,BORLEASE OTOMOTİV A.Ş.,İSTANBUL,TREBORL00025,STOCK
BORSK,BOR ŞEKER A.Ş.,İSTANBUL,TREBRSK00010,STOCK
BOSSA,BOSSA TİCARET VE SANAYİ İŞLETMELERİ T.A.Ş.,ADANA,TRABOSSA91B5,STOCK
BRGAN,BURGAN BANK A.Ş.,İSTANBUL,,UNRESOLVED
BRGFK,BURGAN FİNANSAL KİRALAMA A.Ş.,İSTANBUL,,NON_EQUITY
BRISA,BRİSA BRİDGESTONE SABANCI LASTİK SANAYİ VE TİCARET A.Ş.,İSTANBUL,TRABRISA91E3,STOCK
BRKO,BİRKO BİRLEŞİK KOYUNLULULAR MENSUCAT TİCARET VE SANAYİ A.Ş.,NİĞDE,TREBRKO00019,STOCK
BRKSN,BERKOSAN YALITIM VE TECRİT MADDELERİ ÜRETİM VE TİCARET A.Ş.,İSTANBUL,TREBERK00010,STOCK
BRKT,BEREKET VARLIK KİRALAMA A.Ş.,İSTANBUL,,NON_EQUITY
BRKVY,BİRİKİM VARLIK YÖNETİM A.Ş.,İSTANBUL,TREBVYS00013,STOCK
BRLSM,BİRLEŞİM MÜHENDİSLİK ISITMA SOĞUTMA HAVALANDIRMA SANAYİ VE TİCARET A.Ş.,İSTANBUL,TREBLSM00027,STOCK
BRMEN,BİRLİK MENSUCAT TİCARET VE SANAYİ İŞLETMESİ A.Ş.,KAYSERİ,TRABRMEN91B4,STOCK
BRSAN,BORUSAN BİRLEŞİK BORU FABRİKALARI SANAYİ VE TİCARET A.Ş.,İSTANBUL,TRABRSAN91G8,STOCK
BRYAT,BORUSAN YATIRIM VE PAZARLAMA A.Ş.,İSTANBUL,TRABRYAT91Q2,STOCK
BSOKE,BATIÇİM ÇİMENTO SANAYİ A.Ş.,İZMİR,TRABSOKE91F5,STOCK
BTCIM,BATIÇİM BATI ANADOLU SANAYİ VE TİCARET A.Ş.,İZMİR,TRABTCIM91F5,STOCK
BUCIM,BURSA ÇİMENTO FABRİKASI A.Ş.,BURSA,TRABUCIM91F3,STOCK
BULGS,BULLS GİRİŞİM SERMAYESİ YATIRIM ORTAKLIĞI A.Ş.,İSTANBUL,TREBULS00012,STOCK
BUR,BURGAN BANK A.Ş.,İSTANBUL,,UNRESOLVED
BURCE,BURÇELİK BURSA ÇELİK DÖKÜM SANAYİİ A.Ş.,BURSA,TRABURCE91G9,STOCK
BURVA,BURÇELİK VANA SANAYİ VE TİCARET A.Ş.,BURSA,TREBRVN00018,STOCK
BVSAN,BÜLBÜLOĞLU VİNÇ SANAYİ VE TİCARET A.Ş.,ANKARA,TREBVSB00011,STOCK
BYDNR,BAYDÖNER RESTORANLARI A.Ş.,İZMİR,TREBYDN00012,STOCK
CAGFA,ÇAĞDAŞ FAKTORİNG A.Ş.,İSTANBUL,,NON_EQUITY
CANTE,ÇAN2 TERMİK A.Ş.,İSTANBUL,TRECAN200011,STOCK
CASA,CASA EMTİA PETROL KİMYEVİ VE TÜREVLERİ SANAYİ VE TİCARET A.Ş.,İSTANBUL,TREKRSS00014,STOCK
CATES,ÇATES ELEKTRİK ÜRETİM A.Ş.,ZONGULDAK,TRECATS00015,STOCK
CCOLA,COCA-COLA İÇECEK A.Ş.,İSTANBUL,TRECOLA00011,STOCK
CELHA,ÇELİK HALAT VE TEL SANAYİİ A.Ş.,KOCAELİ,TRACELHA91G1,STOCK
CEMAS,ÇEMAŞ DÖKÜM SANAYİ A.Ş.,KIRŞEHİR,TRECMAS00010,STOCK
CEMTS,ÇEMTAŞ ÇELİK MAKİNA SANAYİ VE TİCARET A.Ş.,BURSA,TRACEMTS91G6,STOCK
CEMZY,CEM ZEYTİN A.Ş.,İZMİR,TRECEMZ00017,STOCK
CEOEM,CEO EVENT MEDYA A.Ş.,İSTANBUL,TRECEOM00011,STOCK
CGCAM,ÇAĞDAŞ CAM SANAYİ VE TİCARET A.Ş.,AYDIN,TRECGDC00010,STOCK
CIMSA,ÇİMSA ÇİMENTO SANAYİ VE TİCARET A.Ş.,İSTANBUL,TRACIMSA91F9,STOCK
CLEBI,ÇELEBİ HAVA SERVİSİ A.Ş.,İSTANBUL,TRACLEBI91M5,STOCK
CLKMT,ÇELİK MOTOR TİCARET A.Ş.,İSTANBUL,,UNRESOLVED
CMBTN,ÇİMBETON HAZIRBETON VE PREFABRİK YAPI ELEMANLARI SANAYİ VE TİCARET A.Ş.,İZMİR,TRACMBTN91F5,STOCK
CMENT,ÇİMENTAŞ İZMİR ÇİMENTO FABRİKASI T.A.Ş.,İZMİR,TRACMENT91F9,STOCK
CMSAN,ÇAMSAN ENTEGRE AĞAÇ SANAYİ VE TİCARET A.Ş.,İSTANBUL,,UNRESOLVED
CONSE,CONSUS ENERJİ İŞLETMECİLİĞİ VE HİZMETLERİ A.Ş.,İSTANBUL,TRECONS00019,STOCK
COSMO,COSMOS YATIRIM HOLDİNG A.Ş.,İSTANBUL,TRABUMYO91Q2,STOCK
CRDFA,CREDITWEST FAKTORİNG A.Ş.,İSTANBUL,TRATPFAC91P5,STOCK
CRFSA,CARREFOURSA CARREFOUR SABANCI TİCARET MERKEZİ A.Ş.,İSTANBUL,TRECARF00032,STOCK
CUSAN,ÇUHADAROĞLU METAL SANAYİ VE PAZARLAMA A.Ş.,İSTANBUL,TRECUHA00016,STOCK
CVKMD,CVK MADEN İŞLETMELERİ SANAYİ VE TİCARET A.Ş.,İSTANBUL,TRECVKM00021,STOCK
CWENE,CW ENERJİ MÜHENDİSLİK TİCARET VE SANAYİ A.Ş.,ANTALYA,TRECWEN00012,STOCK
DAGI,DAGİ GİYİM SANAYİ VE TİCARET A.Ş.,İSTANBUL,TREDAGI00011,STOCK
DAPGM,DAP GAYRİMENKUL GELİŞTİRME A.Ş.,İSTANBUL,TREDAPG00032,STOCK
DARDL,DARDANEL ÖNENTAŞ GIDA SANAYİ A.Ş.,ÇANAKKALE,TRADARDL91A3,STOCK
DCTTR,DCT TRADİNG DIŞ TİCARET A.Ş.,İSTANBUL,TREDCTT00025,STOCK
DENFA,DENİZ FAKTORİNG A.Ş.,İSTANBUL,,NON_EQUITY
DENGE,DENGE YATIRIM HOLDİNG A.Ş.,İSTANBUL,TREDNGH00016,STOCK
DENVA,DENGE VARLIK YÖNETİM A.Ş.,İSTANBUL,,NON_EQUITY
DERHL,DERLÜKS YATIRIM HOLDİNG A.Ş.,İSTANBUL,TREDDST00017,STOCK
DERIM,DERİMOD KONFEKSİYON AYAKKABI DERİ SANAYİ VE TİCARET A.Ş.,TEKİRDAĞ,TRADERIM91B0,STOCK
DESA,DESA DERİ SANAYİ VE TİCARET A.Ş.,İSTANBUL,TREDESA00015,STOCK
DESPC,DESPEC BİLGİSAYAR PAZARLAMA VE TİCARET A.Ş.,İSTANBUL,TREDSPC00017,STOCK
DEVA,DEVA HOLDİNG A.Ş.,İSTANBUL,TRADEVAW91E2,STOCK
DFKTR,DORUK FAKTORİNG A.Ş.,İSTANBUL,,NON_EQUITY
DGATE,DATAGATE BİLGİSAYAR MALZEMELERİ TİCARET A.Ş.,İSTANBUL,TREDGTE00010,STOCK
DGGYO,DOĞUŞ GAYRİMENKUL YATIRIM ORTAKLIĞI A.Ş.,İSTANBUL,TRAOSGYO91Q1,STOCK
DGNMO,DOĞANLAR MOBİLYA GRUBU İMALAT SANAYİ VE TİCARET A.Ş.,İSTANBUL,TRAKLBMO91C0,STOCK
DGRVK,DEĞER VARLIK KİRALAMA A.Ş.,İSTANBUL,,NON_EQUITY
DIMES,DİMES GIDA SANAYİ VE TİCARET A.Ş.,TOKAT,,UNRESOLVED
DIRIT,DİRİTEKS DİRİLİŞ TEKSTİL SANAYİ VE TİCARET A.Ş.,ISPARTA,TREDRTK00014,STOCK
DITAS,DİTAŞ BDY YEDEK PARÇA İMALAT VE TEKNİK A.Ş.,NİĞDE,TRADITAS91H8,STOCK
DKVRL,DK VARLIK KİRALAMA A.Ş.,İSTANBUL,,NON_EQUITY
DMD,DESTEK YATIRIM MENKUL DEĞERLER A.Ş.,İSTANBUL,,NON_EQUITY
DMLKT,EMLAK KONUT DAMLA KENT GMS,İSTANBUL,TRNEGYO00018,STOCK
DMRGD,DMR UNLU MAMULLER ÜRETİM GIDA TOPTAN PERAKENDE İHRACAT A.Ş.,İSTANBUL,TREDMRU00026,STOCK
DMSAS,DEMİSAŞ DÖKÜM EMAYE MAMÜLLERİ SANAYİ A.Ş.,KOCAELİ,TRADMSAS91E9,STOCK
DNFIN,DENİZ FİNANSAL KİRALAMA A.Ş.,İSTANBUL,,NON_EQUITY
DNISI,DİNAMİK ISI MAKİNA YALITIM MALZEMELERİ SANAYİ VE TİCARET A.Ş.,İZMİR,TREDIMY00027,STOCK
DNYVA,DÜNYA VARLIK YÖNETİM A.Ş.,İSTANBUL,TREDVYS00019,STOCK
DNZEN,DENİZ EKO ENERJİ VE GERİ DÖNÜŞÜM A.Ş.,İSTANBUL,,UNRESOLVED
DOAS,DOĞUŞ OTOMOTİV SERVİS VE TİCARET A.Ş.,İSTANBUL,TREDOTO00013,STOCK
DOCO,DO & CO AKTIENGESELLSCHAFT,,AT0000818802,STOCK
DOFER,DOFER YAPI MALZEMELERİ SANAYİ VE TİCARET A.Ş.,ANKARA,TREDOFR00023,STOCK
DOFRB,DOF ROBOTİK SANAYİ A.Ş.,İSTANBUL,TREDFRB00020,STOCK
DOGUB,DOĞUSAN BORU SANAYİ VE TİCARET A.Ş.,ERZİNCAN,TRADOGUB92F9,STOCK
DOGVY,DOĞRU VARLIK YÖNETİM A.Ş.,İSTANBUL,,NON_EQUITY
DOHOL,DOĞAN ŞİRKETLER GRUBU HOLDİNG A.Ş.,İSTANBUL,TRADOHOL91Q8,STOCK
DOKTA,DÖKTAŞ DÖKÜMCÜLÜK TİCARET VE SANAYİ A.Ş.,BURSA,TRADOKTS91G7,STOCK
DRPHN,T.C. HAZİNE VE MALİYE BAKANLIĞI DARPHANE VE DAMGA MATBAASI GENEL MÜDÜRLÜĞÜ,İSTANBUL,,NON_EQUITY
DSTKF,DESTEK FİNANS FAKTORİNG A.Ş.,İSTANBUL,TREDSTF00012,STOCK
DSYAT,DESTEK YATIRIM MENKUL DEĞERLER A.Ş.,İSTANBUL,,NON_EQUITY
DUNYH,DÜNYA HOLDİNG A.Ş.,İSTANBUL,TRASELGD91A6,STOCK
DURDO,DURAN DOĞAN BASIM VE AMBALAJ SANAYİ A.Ş.,İSTANBUL,TRADUROF91D4,STOCK
DURKN,DURUKAN ŞEKERLEME SANAYİ VE TİCARET A.Ş.,ANKARA,TREDRKN00025,STOCK
DVRLK,D VARLIK KİRALAMA A.Ş.,İSTANBUL,,NON_EQUITY
DYBNK,D YATIRIM BANKASI A.Ş.,İSTANBUL,,NON_EQUITY
DYOBY,DYO BOYA FABRİKALARI SANAYİ VE TİCARET A.Ş.,İZMİR,TRAYASAS91E0,STOCK
DZGYO,DENİZ GAYRİMENKUL YATIRIM ORTAKLIĞI A.Ş.,İSTANBUL,TRADMRYO91Q4,STOCK
EBEBK,EBEBEK MAĞAZACILIK A.Ş.,İSTANBUL,TREEBEB00025,STOCK
ECILC,EİS ECZACIBAŞI İLAÇ SINAİ VE FİNANSAL YATIRIMLAR SANAYİ VE TİCARET A.Ş.,İSTANBUL,TRAECILC91E0,STOCK
ECOGR,ECOGREEN ENERJİ HOLDİNG A.Ş.,DENİZLİ,TREECGR00024,STOCK
ECZIP,EİP ECZACIBAŞI İLAÇ PAZARLAMA A.Ş.,İSTANBUL,,UNRESOLVED
ECZYT,ECZACIBAŞI YATIRIM HOLDİNG ORTAKLIĞI A.Ş.,İSTANBUL,TRAECZYT91Q5,STOCK
EDATA,E-DATA TEKNOLOJİ PAZARLAMA A.Ş.,ANKARA,TREEDTA00021,STOCK
EDIP,EDİP GAYRİMENKUL YATIRIM SANAYİ VE TİCARET A.Ş.,İSTANBUL,TRAEDIPW91B3,STOCK
EFOR,EFOR YATIRIM SANAYİ TİCARET A.Ş.,İSTANBUL,TREEFOR00013,STOCK
EGEEN,EGE ENDÜSTRİ VE TİCARET A.Ş.,İZMİR,TRAEGEEN91H5,STOCK
EGEGY,EGEYAPI AVRUPA GAYRİMENKUL YATIRIM ORTAKLIĞI A.Ş.,İSTANBUL,TREEGEY00018,STOCK
EGEPO,NASMED ÖZEL SAĞLIK HİZMETLERİ TİCARET A.Ş.,İZMİR,TRENSMD00029,STOCK
EGGUB,EGE GÜBRE SANAYİİ A.Ş.,İZMİR,TRAEGGUB91E8,STOCK
EGPRO,EGE PROFİL TİCARET VE SANAYİ A.Ş.,İZMİR,TRAEGPRO91E8,STOCK
EGSER,EGE SERAMİK SANAYİ VE TİCARET A.Ş.,İZMİR,TRAEGSER91F0,STOCK
EKDMR,EKİNCİLER DEMİR VE ÇELİK SANAYİ A.Ş.,İSTANBUL,TREEKNC00025,STOCK
EKER,EKER SÜT ÜRÜNLERİ GIDA SANAYİ VE TİCARET A.Ş.,BURSA,,UNRESOLVED
EKGYO,EMLAK KONUT GAYRİMENKUL YATIRIM ORTAKLIĞI A.Ş.,İSTANBUL,TREEGYO00017,STOCK
EKIZ,EKİZ KİMYA SANAYİ VE TİCARET A.Ş.,İZMİR,TREEKIZ00018,STOCK
EKOFA,EKO FAKTORİNG A.Ş.,İSTANBUL,,NON_EQUITY
EKOS,EKOS TEKNOLOJİ VE ELEKTRİK A.Ş.,BALIKESİR,TREEKOS00011,STOCK
EKSUN,EKSUN GIDA TARIM SANAYİ VE TİCARET A.Ş.,İSTANBUL,TREEKSN00021,STOCK
EKTVK,EMLAK KATILIM VARLIK KİRALAMA A.Ş.,İSTANBUL,,NON_EQUITY
ELITE,ELİTE NATUREL ORGANİK GIDA SANAYİ VE TİCARET A.Ş.,ANKARA,TREELIT00019,STOCK
EMIRV,EMİR VARLIK YÖNETİM A.Ş.,İSTANBUL,,NON_EQUITY
EMKEL,EMEK ELEKTRİK ENDÜSTRİSİ A.Ş.,ANKARA,TRAEMKEL91L6,STOCK
EMNIS,EMİNİŞ AMBALAJ SANAYİ VE TİCARET A.Ş.,KOCAELİ,TRAEMNIS91E1,STOCK
EMPAE,EMPA ELEKTRONİK SANAYİ VE TİCARET A.Ş.,İSTANBUL,TREEMPA00012,STOCK
EMVAR,EMLAK VARLIK KİRALAMA A.Ş.,İSTANBUL,,NON_EQUITY
ENDAE,ENDA ENERJİ HOLDİNG A.Ş.,İZMİR,TREENDA00016,STOCK
ENERY,ENERYA ENERJİ A.Ş.,İSTANBUL,TREENRY00016,STOCK
ENJSA,ENERJİSA ENERJİ A.Ş.,İSTANBUL,TREENSA00014,STOCK
ENKAI,ENKA İNŞAAT VE SANAYİ A.Ş.,İSTANBUL,TREENKA00011,STOCK
ENPRA,ENPARA BANK A.Ş.,İSTANBUL,TREENPR00014,STOCK
ENSRI,ENSARİ SINAİ YATIRIMLAR A.Ş.,İSTANBUL,TREENSR00026,STOCK
ENTRA,IC ENTERRA YENİLENEBİLİR ENERJİ A.Ş.,ANKARA,TREICNT00027,STOCK
EPLAS,EGEPLAST EGE PLASTİK TİCARET VE SANAYİ A.Ş.,İZMİR,TRAEPLAS91E5,STOCK
ERBOS,ERBOSAN ERCİYAS BORU SANAYİ VE TİCARET A.Ş.,KAYSERİ,TRAERBOS91G8,STOCK
ERCB,ERCİYAS ÇELİK BORU SANAYİ A.Ş.,İSTANBUL,TREERCY00027,STOCK
EREGL,EREĞLİ DEMİR VE ÇELİK FABRİKALARI T.A.Ş.,İSTANBUL,TRAEREGL91G3,STOCK
ERGLI,EREĞLİ TEKSTİL TURİZM SANAYİ VE TİCARET A.Ş.,İSTANBUL,,UNRESOLVED
ERSU,ERSU MEYVE VE GIDA SANAYİ A.Ş.,ANKARA,TRAERSUW91A4,STOCK
ESCAR,ESCAR FİLO KİRALAMA HİZMETLERİ A.Ş.,İSTANBUL,TREESCR00029,STOCK
ESCOM,ESCORT TEKNOLOJİ YATIRIM A.Ş.,İSTANBUL,TRAESCOM91U8,STOCK
ESEN,ESENBOĞA ELEKTRİK ÜRETİM A.Ş.,ANKARA,TREESEN00024,STOCK
ETILR,ETİLER GIDA VE TİCARİ YATIRIMLAR SANAYİ VE TİCARET A.Ş.,İSTANBUL,TREEIBG00017,STOCK
ETYAT,EURO TREND YATIRIM ORTAKLIĞI A.Ş.,ANKARA,TREEUTY00017,STOCK
EUHOL,EURO YATIRIM HOLDİNG A.Ş.,İSTANBUL,TREEUYM00012,STOCK
EUKYO,EURO KAPİTAL YATIRIM ORTAKLIĞI A.Ş.,ANKARA,TREEKYO00019,STOCK
EUPWR,EUROPOWER ENERJİ VE OTOMASYON TEKNOLOJİLERİ SANAYİ TİCARET A.Ş.,ANKARA,TREEUPW00019,STOCK
EUREN,EUROPEN ENDÜSTRİ İNŞAAT SANAYİ VE TİCARET A.Ş.,ESKİŞEHİR,TREEURN00030,STOCK
EUYO,EURO MENKUL KIYMET YATIRIM ORTAKLIĞI A.Ş.,ANKARA,TREEURY00011,STOCK
EXIMB,TÜRKİYE İHRACAT KREDİ BANKASI A.Ş.,İSTANBUL,,UNRESOLVED
EYGYO,EYG GAYRİMENKUL YATIRIM ORTAKLIĞI A.Ş.,İSTANBUL,TREEYGG00021,STOCK
FADE,FADE GIDA YATIRIM SANAYİ TİCARET A.Ş.,İZMİR,TREFADE00012,STOCK
FAIRF,FAİR FİNANSMAN A.Ş.,İSTANBUL,,NON_EQUITY
FBB,FİBABANKA A.Ş.,İSTANBUL,,UNRESOLVED
FBBNK,FİBABANKA A.Ş.,İSTANBUL,,UNRESOLVED
FENER,FENERBAHÇE FUTBOL A.Ş.,İSTANBUL,TREFBAH00019,STOCK
FIN,QNB BANK A.Ş.,İSTANBUL,,UNRESOLVED
FKPET,FİKRET PETROL ÜRÜNLERİ PAZARLAMA SANAYİ VE TİCARET A.Ş.,İSTANBUL,,UNRESOLVED
FLAP,FLAP KONGRE TOPLANTI HİZMETLERİ OTOMOTİV VE TURİZM A.Ş.,ANKARA,TREFLAP00011,STOCK
FMIZP,FEDERAL MOGUL İZMİT PİSTON VE PİM ÜRETİM TESİSLERİ A.Ş.,KOCAELİ,TRAISTMP91H7,STOCK
FONET,FONET BİLGİ TEKNOLOJİLERİ A.Ş.,ANKARA,TREFONT00010,STOCK
FORMT,FORMET METAL VE CAM SANAYİ A.Ş.,KAYSERİ,TREFRMT00015,STOCK
FORTE,FORTE BİLGİ İLETİŞİM TEKNOLOJİLERİ VE SAVUNMA SANAYİ A.Ş.,ANKARA,TREFRTE00012,STOCK
FRIGO,FRİGO-PAK GIDA MADDELERİ SANAYİ VE TİCARET A.Ş.,İSTANBUL,TRAFRIGO91A8,STOCK
FRMPL,FORMÜL PLASTİK VE METAL SANAYİ A.Ş.,İSTANBUL,TREFRML00012,STOCK
FROTO,FORD OTOMOTİV SANAYİ A.Ş.,İSTANBUL,TRAOTOSN91H6,STOCK
FZLGY,FUZUL GAYRİMENKUL YATIRIM ORTAKLIĞI A.Ş.,İSTANBUL,TREFUZL00026,STOCK
GARAN,TÜRKİYE GARANTİ BANKASI A.Ş.,İSTANBUL,TRAGARAN91N1,STOCK
GARFA,GARANTİ FAKTORİNG A.Ş.,İSTANBUL,TRAAKFIN91P6,STOCK
GARFL,GARANTİ FİLO YÖNETİM HİZMETLERİ A.Ş.,İSTANBUL,,UNRESOLVED
GATEG,GATE GROUP TEKNOLOJİ MEDYA VE SİBER GÜVENLİK HİZMETLERİ A.Ş.,İSTANBUL,TRESNKR00023,STOCK
GEDIK,GEDİK YATIRIM MENKUL DEĞERLER A.Ş.,İSTANBUL,TREGDKM00012,STOCK
GEDZA,GEDİZ AMBALAJ SANAYİ VE TİCARET A.Ş.,KÜTAHYA,TREGDZA00015,STOCK
GENIL,GEN İLAÇ VE SAĞLIK ÜRÜNLERİ SANAYİ VE TİCARET A.Ş.,ANKARA,TREGENL00024,STOCK
GENKM,GENTAŞ KİMYA SANAYİ VE TİCARET PAZARLAMA A.Ş.,KOCAELİ,TREGNTK00016,STOCK
GENTS,GENTAŞ DEKORATİF YÜZEYLER SANAYİ VE TİCARET A.Ş.,BOLU,TRAGENTS91C4,STOCK
GEREL,GERSAN ELEKTRİK TİCARET VE SANAYİ A.Ş.,İSTANBUL,TREGREL00017,STOCK
GESAN,GİRİŞİM ELEKTRİK SANAYİ TAAHHÜT VE TİCARET A.Ş.,ANKARA,TREGESN00029,STOCK
GGBVK,GOLDEN GLOBAL VARLIK KİRALAMA A.Ş.,İSTANBUL,,NON_EQUITY
GIPTA,GIPTA OFİS KIRTASİYE VE PROMOSYON ÜRÜNLERİ İMALAT SANAYİ A.Ş.,ANKARA,TREGPTA00038,STOCK
GLB,GLOBAL MENKUL DEĞERLER A.Ş.,İSTANBUL,,DUPLICATE (see GLBMD)
GLBMD,GLOBAL MENKUL DEĞERLER A.Ş.,İSTANBUL,TREGLMK00015,STOCK
GLCVY,GELECEK VARLIK YÖNETİMİ A.Ş.,İSTANBUL,TREGVYO00011,STOCK
GLRMK,GÜLERMAK AĞIR SANAYİ İNŞAAT VE TAAHHÜT A.Ş.,ANKARA,TREGLRM00010,STOCK
GLRYH,GÜLER YATIRIM HOLDİNG A.Ş.,İSTANBUL,TREBSKY00016,STOCK
GLYHO,GLOBAL YATIRIM HOLDİNG A.Ş.,İSTANBUL,TRAGLMDE91R3,STOCK
GMTAS,GİMAT MAĞAZACILIK SANAYİ VE TİCARET A.Ş.,ANKARA,TREGMAT00027,STOCK
GOKNR,GÖKNUR GIDA MADDELERİ ENERJİ İMALAT İTHALAT İHRACAT TİCARET VE SANAYİ A.Ş.,ANKARA,TREGKNR00036,STOCK
GOLTS,GÖLTAŞ GÖLLER BÖLGESİ ÇİMENTO SANAYİ VE TİCARET A.Ş.,İSTANBUL,TRAGOLTS91F0,STOCK
GOODY,GOODYEAR LASTİKLERİ T.A.Ş.,İSTANBUL,TRAGOODY91E9,STOCK
GOZDE,GÖZDE GİRİŞİM SERMAYESİ YATIRIM ORTAKLIĞI A.Ş.,İSTANBUL,TREGZDF00014,STOCK
GRNYO,GARANTİ YATIRIM ORTAKLIĞI A.Ş.,İSTANBUL,TRAGRNYO91Q5,STOCK
GRSEL,GÜR-SEL TURİZM TAŞIMACILIK VE SERVİS TİCARET A.Ş.,İSTANBUL,TREGRSL00025,STOCK
GRTHO,GRAINTURK HOLDİNG A.Ş.,İSTANBUL,TREGRNT00029,STOCK
GSDDE,GSD DENİZCİLİK GAYRİMENKUL İNŞAAT SANAYİ VE TİCARET A.Ş.,İSTANBUL,TRARANTL91P6,STOCK
GSDHO,GSD HOLDİNG A.Ş.,İSTANBUL,TRAGSDHO91Q9,STOCK
GSIPD,GOLDMAN SACHS INTERNATIONAL,,,UNRESOLVED
GSRAY,GALATASARAY SPORTİF SINAİ VE TİCARİ YATIRIMLAR A.Ş.,İSTANBUL,TRAGSRAY91X9,STOCK
GUBRF,GÜBRE FABRİKALARI T.A.Ş.,İSTANBUL,TRAGUBRF91E2,STOCK
GUNDG,GÜNDOĞDU GIDA SÜT ÜRÜNLERİ SANAYİ VE DIŞ TİCARET A.Ş.,İSTANBUL,TREGUND00019,STOCK
GWIND,GALATA WIND ENERJİ A.Ş.,İSTANBUL,TREGWIN00014,STOCK
GYVAR,GY VARLIK KİRALAMA A.Ş.,İSTANBUL,,NON_EQUITY
GZNMI,GEZİNOMİ SEYAHAT TURİZM TİCARET A.Ş.,ANTALYA,TREGZNM00027,STOCK
HALKB,TÜRKİYE HALK BANKASI A.Ş.,İSTANBUL,TRETHAL00019,STOCK
HALKF,HALK FİNANSAL KİRALAMA A.Ş.,İSTANBUL,,NON_EQUITY
HALKI,HALK YATIRIM MENKUL DEĞERLER A.Ş.,İSTANBUL,,NON_EQUITY
HATEK,HATEKS HATAY TEKSTİL İŞLETMELERİ A.Ş.,HATAY,TREHTKS00013,STOCK
HATSN,HAT-SAN GEMİ İNŞAA BAKIM ONARIM DENİZ NAKLİYAT SANAYİ VE TİCARET A.Ş.,İSTANBUL,TREHTSN00017,STOCK
HAYVK,HAYAT VARLIK KİRALAMA A.Ş.,İSTANBUL,,NON_EQUITY
HDFFL,HEDEF ARAÇ KİRALAMA VE SERVİS A.Ş.,İSTANBUL,,NON_EQUITY
HDFGS,HEDEF GİRİŞİM SERMAYESİ YATIRIM ORTAKLIĞI A.Ş.,İSTANBUL,TREHEDF00017,STOCK
HDFVK,HEDEF VARLIK KİRALAMA A.Ş.,İSTANBUL,,NON_EQUITY
HDFYB,HEDEF YATIRIM BANKASI A.Ş.,İSTANBUL,,NON_EQUITY
HEDEF,HEDEF HOLDİNG A.Ş.,İSTANBUL,TREHDEF00017,STOCK
HEKTS,HEKTAŞ TİCARET T.A.Ş.,KOCAELİ,TRAHEKTS91E4,STOCK
HKTM,HİDROPAR HAREKET KONTROL TEKNOLOJİLERİ MERKEZİ SANAYİ VE TİCARET A.Ş.,KOCAELİ,TREHDRP00018,STOCK
HLGYO,HALK GAYRİMENKUL YATIRIM ORTAKLIĞI A.Ş.,İSTANBUL,TREHLGY00016,STOCK
HLVKS,HALK VARLIK KİRALAMA A.Ş.,İSTANBUL,,NON_EQUITY
HLY,HALK YATIRIM MENKUL DEĞERLER A.Ş.,İSTANBUL,,NON_EQUITY
HOROZ,HOROZ LOJİSTİK KARGO HİZMETLERİ VE TİCARET A.Ş.,İSTANBUL,TREHROZ00022,STOCK
HRKET,HAREKET PROJE TAŞIMACILIĞI VE YÜK MÜHENDİSLİĞİ A.Ş.,İSTANBUL,TREHRKT00015,STOCK
HTTBT,HİTİT BİLGİSAYAR HİZMETLERİ A.Ş.,İSTANBUL,TREHTTB00036,STOCK
HUBVC,HUB GİRİŞİM SERMAYESİ YATIRIM ORTAKLIĞI A.Ş.,İSTANBUL,TREMBYO00011,STOCK
HUNER,HUN YENİLENEBİLİR ENERJİ ÜRETİM A.Ş.,İSTANBUL,TREHUNR00025,STOCK
HURGZ,HÜRRİYET GAZETECİLİK VE MATBAACILIK A.Ş.,İSTANBUL,TRAHURGZ91D9,STOCK
HUZFA,HUZUR FAKTORİNG A.Ş.,İSTANBUL,,NON_EQUITY
HYB,HEDEF YATIRIM BANKASI A.Ş.,İSTANBUL,,NON_EQUITY
IAZ,INVEST-AZ YATIRIM MENKUL DEĞERLER A.Ş.,İSTANBUL,,NON_EQUITY
ICB,ICBC TURKEY BANK A.Ş.,İSTANBUL,,DUPLICATE (see ICBCT)
ICBCT,ICBC TURKEY BANK A.Ş.,İSTANBUL,TRATEKST91N0,STOCK
ICUGS,ICU GİRİŞİM SERMAYESİ YATIRIM ORTAKLIĞI A.Ş.,İZMİR,,UNRESOLVED
IDGYO,İDEALİST GAYRİMENKUL YATIRIM ORTAKLIĞI A.Ş.,İSTANBUL,TREIDGY00011,STOCK
IEYHO,IŞIKLAR ENERJİ VE YAPI HOLDİNG A.Ş.,İSTANBUL,TRAMTEKS91B0,STOCK
IHAAS,İHLAS HABER AJANSI A.Ş.,İSTANBUL,TREIHAS00025,STOCK
IHEVA,İHLAS EV ALETLERİ İMALAT SANAYİ VE TİCARET A.Ş.,İSTANBUL,TRAIHEVA91H5,STOCK
IHGZT,İHLAS GAZETECİLİK A.Ş.,İSTANBUL,TREIHGZ00019,STOCK
IHLAS,İHLAS HOLDİNG A.Ş.,İSTANBUL,TRAIHLAS91D5,STOCK
IHLGM,İHLAS GAYRİMENKUL PROJE GELİŞTİRME VE TİCARET A.Ş.,İSTANBUL,TRAOKANT91B5,STOCK
IHYAY,İHLAS YAYIN HOLDİNG A.Ş.,İSTANBUL,TREIHYA00015,STOCK
IMASM,İMAŞ MAKİNA SANAYİ A.Ş.,KONYA,TREIMAS00017,STOCK
INDES,İNDEKS BİLGİSAYAR SİSTEMLERİ MÜHENDİSLİK SANAYİ VE TİCARET A.Ş.,İSTANBUL,TREINDX00019,STOCK
INFO,İNFO YATIRIM MENKUL DEĞERLER A.Ş.,İSTANBUL,TREINFM00017,STOCK
INGRM,INGRAM MİCRO BİLİŞİM SİSTEMLERİ A.Ş.,İSTANBUL,,UNRESOLVED
INTEK,İNNOSA TEKNOLOJİ A.Ş.,İSTANBUL,,UNRESOLVED
INTEM,İNTEMA İNŞAAT VE TESİSAT MALZEMELERİ YATIRIM VE PAZARLAMA A.Ş.,İSTANBUL,TRAINTEM91I0,STOCK
INVAZ,INVEST-AZ YATIRIM MENKUL DEĞERLER A.Ş.,İSTANBUL,,NON_EQUITY
INVEO,INVEO YATIRIM HOLDİNG A.Ş.,İSTANBUL,,UNRESOLVED
INVES,INVESTCO HOLDİNG A.Ş.,İSTANBUL,TREINVS00029,STOCK
ISATR,TÜRKİYE İŞ BANKASI A.Ş.,İSTANBUL,TRAISATR91N6,STOCK
ISBIR,İŞBİR HOLDİNG A.Ş.,ANKARA,TREISBR00014,STOCK
ISBTR,TÜRKİYE İŞ BANKASI A.Ş.,İSTANBUL,TRAISBTR91N4,STOCK
ISCTR,TÜRKİYE İŞ BANKASI A.Ş.,İSTANBUL,TRAISCTR91N2,STOCK
ISDMR,İSKENDERUN DEMİR VE ÇELİK A.Ş.,HATAY,TREISDC00020,STOCK
ISFAK,İŞ FAKTORİNG A.Ş.,İSTANBUL,,NON_EQUITY
ISFIN,İŞ FİNANSAL KİRALAMA A.Ş.,İSTANBUL,,NON_EQUITY
ISGSY,İŞ GİRİŞİM SERMAYESİ YATIRIM ORTAKLIĞI A.Ş.,İSTANBUL,TREIGSY00019,STOCK
ISGYO,İŞ GAYRİMENKUL YATIRIM ORTAKLIĞI A.Ş.,İSTANBUL,TRAISGYO91Q3,STOCK
ISKPL,IŞIK PLASTİK SANAYİ VE DIŞ TİCARET PAZARLAMA A.Ş.,İSTANBUL,TREISKP00027,STOCK
ISKUR,TÜRKİYE İŞ BANKASI A.Ş.,İSTANBUL,TRAISKUR91N3,STOCK
ISMEN,İŞ YATIRIM MENKUL DEĞERLER A.Ş.,İSTANBUL,,NON_EQUITY
ISSEN,İŞBİR SENTETİK DOKUMA SANAYİ A.Ş.,BALIKESİR,TREISBS00012,STOCK
ISTFK,İSTANBUL FAKTORİNG A.Ş.,İSTANBUL,,NON_EQUITY
ISTVY,İSTANBUL VARLIK YÖNETİM A.Ş.,İSTANBUL,,NON_EQUITY
ISYAT,İŞ YATIRIM ORTAKLIĞI A.Ş.,İSTANBUL,TRAISYAT91Q5,STOCK
IYF,İNFO YATIRIM MENKUL DEĞERLER A.Ş.,İSTANBUL,,DUPLICATE (see INFO)
IYM,İŞ YATIRIM MENKUL DEĞERLER A.Ş.,İSTANBUL,,NON_EQUITY
IZENR,İZDEMİR ENERJİ ELEKTRİK ÜRETİM A.Ş.,İZMİR,TREIZDM00016,STOCK
IZFAS,İZMİR FIRÇA SANAYİ VE TİCARET A.Ş.,İZMİR,TREIFIR00016,STOCK
IZINV,İZ YATIRIM HOLDİNG A.Ş.,İSTANBUL,TREIZTA00017,STOCK
IZMDC,İZMİR DEMİR ÇELİK SANAYİ A.Ş.,İZMİR,TRAIZMDC91G6,STOCK
JANTS,JANTSA JANT SANAYİ VE TİCARET A.Ş.,AYDIN,TREJANT00011,STOCK
KAPLM,KAPLAMİN AMBALAJ SANAYİ VE TİCARET A.Ş.,İZMİR,TRAKAPLM91D7,STOCK
KAREL,KAREL ELEKTRONİK SANAYİ VE TİCARET A.Ş.,İSTANBUL,TREKREL00019,STOCK
KARSN,KARSAN OTOMOTİV SANAYİİ VE TİCARET A.Ş.,BURSA,TRAKARSN91H7,STOCK
KARTN,KARTONSAN KARTON SANAYİ VE TİCARET A.Ş.,İSTANBUL,TRAKARTN91D4,STOCK
KATMR,KATMERCİLER ARAÇ ÜSTÜ EKİPMAN SANAYİ VE TİCARET A.Ş.,İZMİR,TREKTMR00015,STOCK
KATVK,KATILIM VARLIK KİRALAMA A.Ş.,İSTANBUL,,NON_EQUITY
KAYSE,KAYSERİ ŞEKER FABRİKASI A.Ş.,KAYSERİ,TREKAYS00018,STOCK
KBORU,KUZEY BORU A.Ş.,AKSARAY,TREKZYB00011,STOCK
KCAER,KOCAER ÇELİK SANAYİ VE TİCARET A.Ş.,DENİZLİ,TREKCAE00030,STOCK
KCHOL,KOÇ HOLDİNG A.Ş.,İSTANBUL,TRAKCHOL91Q8,STOCK
KENT,KENT GIDA MADDELERİ SANAYİİ VE TİCARET A.Ş.,KOCAELİ,TRAKENTW91A2,STOCK
KERVN,KERVANSARAY YATIRIM HOLDİNG A.Ş.,İSTANBUL,TRACEYLN91B0,STOCK
KFEIN,KAFEİN YAZILIM HİZMETLERİ TİCARET A.Ş.,İSTANBUL,TREKFIN00037,STOCK
KFILO,KAYATUR FİLO KİRALAMA A.Ş.,ANKARA,,NON_EQUITY
KGYO,KORAY GAYRİMENKUL YATIRIM ORTAKLIĞI A.Ş.,İSTANBUL,TRAYKGYO91Q7,STOCK
KIMMR,ERSAN ALIŞVERİŞ HİZMETLERİ VE GIDA SANAYİ TİCARET A.Ş.,İSTANBUL,TREERSN00026,STOCK
KLGYO,KİLER GAYRİMENKUL YATIRIM ORTAKLIĞI A.Ş.,İSTANBUL,TREKGYO00014,STOCK
KLKIM,KALEKİM KİMYEVİ MADDELER SANAYİ VE TİCARET A.Ş.,İSTANBUL,TREKLKM00025,STOCK
KLMSN,KLİMASAN KLİMA SANAYİ VE TİCARET A.Ş.,MANİSA,TRAKLMSN91H5,STOCK
KLN,TÜRKİYE KALKINMA VE YATIRIM BANKASI A.Ş.,İSTANBUL,,DUPLICATE (see KLNMA)
KLNMA,TÜRKİYE KALKINMA VE YATIRIM BANKASI A.Ş.,İSTANBUL,TRATKBNK91N6,STOCK
KLRHO,KİLER HOLDİNG A.Ş.,İSTANBUL,TREKLRH00038,STOCK
KLSER,KALESERAMİK ÇANAKKALE KALEBODUR SERAMİK SANAYİ A.Ş.,İSTANBUL,TREKALE00049,STOCK
KLSYN,KOLEKSİYON MOBİLYA SANAYİ A.Ş.,İSTANBUL,TREKLSN00026,STOCK
KLVKS,KALKINMA YATIRIM VARLIK KİRALAMA A.Ş.,İSTANBUL,,NON_EQUITY
KLYPV,KALYON GÜNEŞ TEKNOLOJİLERİ ÜRETİM A.Ş.,ANKARA,TREKLYN00024,STOCK
KMPUR,KİMTEKS POLİÜRETAN SANAYİ VE TİCARET A.Ş.,İSTANBUL,TREKMPU00017,STOCK
KNFRT,KONFRUT TARIM A.Ş.,İSTANBUL,TRAKNFRT91A9,STOCK
KNTFA,KENT FİNANS FAKTORİNG A.Ş.,İSTANBUL,,NON_EQUITY
KOCFN,KOÇ FİNANSMAN A.Ş.,İSTANBUL,,NON_EQUITY
KOCMT,KOÇ METALURJİ A.Ş.,HATAY,TREKOCM00018,STOCK
KONKA,KONYA KAĞIT SANAYİ VE TİCARET A.Ş.,KONYA,TREKNKA00026,STOCK
KONTR,KONTROLMATİK TEKNOLOJİ ENERJİ VE MÜHENDİSLİK A.Ş.,İSTANBUL,TREKNTR00013,STOCK
KONYA,KONYA ÇİMENTO SANAYİİ A.Ş.,KONYA,TRAKONYA91F6,STOCK
KOPOL,KOZA POLYESTER SANAYİ VE TİCARET A.Ş.,GAZİANTEP,TREKOPL00012,STOCK
KORDS,KORDSA TEKNİK TEKSTİL A.Ş.,KOCAELİ,TRAKORDS91B2,STOCK
KORTS,KORTEKS MENSUCAT SANAYİ VE TİCARET A.Ş.,BURSA,,UNRESOLVED
KOTON,KOTON MAĞAZACILIK TEKSTİL SANAYİ VE TİCARET A.Ş.,İSTANBUL,TREKOTN00028,STOCK
KPTGY,KAPİTAL GAYRİMENKUL YATIRIMI GELİŞTİRME VE İŞLETMECİLİK A.Ş.,İSTANBUL,,UNRESOLVED
KRDMA,KARDEMİR KARABÜK DEMİR ÇELİK SANAYİ VE TİCARET A.Ş.,KARABÜK,TRAKRDMA91G3,STOCK
KRDMB,KARDEMİR KARABÜK DEMİR ÇELİK SANAYİ VE TİCARET A.Ş.,KARABÜK,TRAKRDMB91G1,STOCK
KRDMD,KARDEMİR KARABÜK DEMİR ÇELİK SANAYİ VE TİCARET A.Ş.,KARABÜK,TRAKRDMR91G7,STOCK
KRGYO,KÖRFEZ GAYRİMENKUL YATIRIM ORTAKLIĞI A.Ş.,İSTANBUL,TREKRFZ00016,STOCK
KRONT,KRON TEKNOLOJİ A.Ş.,İSTANBUL,TREKRON00014,STOCK
KRPLS,KOROPLAST TEMİZLİK AMBALAJ ÜRÜNLERİ SANAYİ VE DIŞ TİCARET A.Ş.,İSTANBUL,TREKRPL00015,STOCK
KRSTL,KRİSTAL KOLA VE MEŞRUBAT SANAYİ TİCARET A.Ş.,İSTANBUL,TRAKRSTL91A6,STOCK
KRTEK,KARSU TEKSTİL SANAYİİ VE TİCARET A.Ş.,KAYSERİ,TRAKRTEK91B6,STOCK
KRVGD,KERVAN GIDA SANAYİ VE TİCARET A.Ş.,İSTANBUL,TREKRVG00013,STOCK
KSFIN,KOÇ STELLANTİS FİNANSMAN A.Ş.,İSTANBUL,,NON_EQUITY
KSTUR,KUŞTUR KUŞADASI TURİZM ENDÜSTRİSİ A.Ş.,AYDIN,TREKUST00016,STOCK
KTEST,KAP TEST A.Ş.,ANKARA,,NON_EQUITY
KTKVK,KT KİRA SERTİFİKALARI VARLIK KİRALAMA A.Ş.,İSTANBUL,,NON_EQUITY
KTLEV,KATILIMEVİM TASARRUF FİNANSMAN A.Ş.,İSTANBUL,TREKTLV00019,STOCK
KTSKR,KÜTAHYA ŞEKER FABRİKASI A.Ş.,KÜTAHYA,TREKTSR00046,STOCK
KTSVK,KT SUKUK VARLIK KİRALAMA A.Ş.,İSTANBUL,,NON_EQUITY
KUTPO,KÜTAHYA PORSELEN SANAYİ A.Ş.,KÜTAHYA,TRAKUTPO91F9,STOCK
KUVVA,KUVVA GIDA TİCARET VE SANAYİ YATIRIMLARI A.Ş.,İSTANBUL,TRASERVE91T0,STOCK
KUYAS,KUYAŞ YATIRIM A.Ş.,İSTANBUL,TREKYAS00018,STOCK
KZBGY,KIZILBÜK GAYRİMENKUL YATIRIM ORTAKLIĞI A.Ş.,İSTANBUL,TREKZBG00026,STOCK
KZGYO,KUZUGRUP GAYRİMENKUL YATIRIM ORTAKLIĞI A.Ş.,İSTANBUL,TREKZGR00014,STOCK
LIDER,LDR TURİZM A.Ş.,İSTANBUL,TRELDRT00020,STOCK
LIDFA,LİDER FAKTORİNG A.Ş.,İSTANBUL,TRELDFK00016,STOCK
LILAK,LİLA KAĞIT SANAYİ VE TİCARET A.Ş.,İSTANBUL,TRELILA00022,STOCK
LINK,LİNK BİLGİSAYAR SİSTEMLERİ YAZILIMI VE DONANIMI SANAYİ VE TİCARET A.Ş.,İSTANBUL,TRALINKW91U8,STOCK
LKMNH,LOKMAN HEKİM ENGÜRÜSAĞ SAĞLIK TURİZM EĞİTİM HİZMETLERİ VE İNŞAAT TAAHHÜT A.Ş.,ANKARA,TRELKMH00013,STOCK
LMKDC,LİMAK DOĞU ANADOLU ÇİMENTO SANAYİ VE TİCARET A.Ş.,ŞANLIURFA,TRELIMK00029,STOCK
LOGO,LOGO YAZILIM SANAYİ VE TİCARET A.Ş.,KOCAELİ,TRALOGOW91U2,STOCK
LRSHO,LORAS HOLDİNG A.Ş.,KONYA,TREITFK00018,STOCK
LUKSK,LÜKS KADİFE TİCARET VE SANAYİİ A.Ş.,KAYSERİ,TRALUKSK91B7,STOCK
LXGYO,LUXERA GAYRİMENKUL YATIRIM ORTAKLIĞI A.Ş.,İSTANBUL,TRELUXR00018,STOCK
LYDHO,LYDİA HOLDİNG A.Ş.,İSTANBUL,,UNRESOLVED
LYDYE,LYDİA YEŞİL ENERJİ KAYNAKLARI A.Ş.,İSTANBUL,,UNRESOLVED
MAALT,MARMARİS ALTINYUNUS TURİSTİK TESİSLER A.Ş.,ANTALYA,TRAMAALT91K5,STOCK
MACKO,MACKOLİK İNTERNET HİZMETLERİ TİCARET A.Ş.,İSTANBUL,TREMACK00017,STOCK
MAGEN,MARGÜN ENERJİ ÜRETİM SANAYİ VE TİCARET A.Ş.,ANKARA,TREMARN00027,STOCK
MAKIM,MAKİM MAKİNA TEKNOLOJİLERİ SANAYİ VE TİCARET A.Ş.,ANKARA,TREMAKM00024,STOCK
MAKTK,MAKİNA TAKIM ENDÜSTRİSİ A.Ş.,İSTANBUL,TRAMAKTK91H2,STOCK
MANAS,MANAS ENERJİ YÖNETİMİ SANAYİ VE TİCARET A.Ş.,ANKARA,TREMANS00025,STOCK
MARBL,TUREKS TURUNÇ MADENCİLİK İÇ VE DIŞ TİCARET A.Ş.,AFYONKARAHİSAR,TRETRKT00044,STOCK
MARKA,MARKA YATIRIM HOLDİNG A.Ş.,İSTANBUL,TREIFTY00019,STOCK
MARMR,MARMARA HOLDİNG A.Ş.,KOCAELİ,TREMRMH00016,STOCK
MARTI,MARTI OTEL İŞLETMELERİ A.Ş.,İSTANBUL,TRAMMART91K7,STOCK
MAVI,MAVİ GİYİM SANAYİ VE TİCARET A.Ş.,İSTANBUL,TREMAVI00037,STOCK
MBFTR,MERCEDES-BENZ FİNANSMAN TÜRK A.Ş.,İSTANBUL,,NON_EQUITY
MCARD,METROPAL KURUMSAL HİZMETLER A.Ş.,İSTANBUL,TREMTRP00014,STOCK
MDASM,MİDAS MENKUL DEĞERLER A.Ş.,İSTANBUL,,NON_EQUITY
MDIAZ,MEDİAZZ YENİ MEDYA VE TEKNOLOJİ YATIRIMLARI A.Ş.,İSTANBUL,,UNRESOLVED
MDS,MİDAS MENKUL DEĞERLER A.Ş.,İSTANBUL,,NON_EQUITY
MEDTR,MEDİTERA TIBBİ MALZEME SANAYİ VE TİCARET A.Ş.,İZMİR,TREMDTR00028,STOCK
MEGAP,MEGA POLİETİLEN KÖPÜK SANAYİ VE TİCARET A.Ş.,İSTANBUL,TREMEGA00011,STOCK
MEGMT,MEGA METAL SANAYİ VE TİCARET A.Ş.,İSTANBUL,TREMEGM00024,STOCK
MEKAG,MEKA GLOBAL MAKİNE İMALAT SANAYİ VE TİCARET A.Ş.,ANKARA,TREMEKA00013,STOCK
MEKMD,MEKSA YATIRIM MENKUL DEĞERLER A.Ş.,İSTANBUL,,NON_EQUITY
MEPET,BREAK MOLA TURİZM YATIRIMLAR A.Ş.,İSTANBUL,,UNRESOLVED
MERCN,MERCAN KİMYA SANAYİ VE TİCARET A.Ş.,DENİZLİ,TREMRCN00023,STOCK
MERIT,MERİT TURİZM YATIRIM VE İŞLETME A.Ş.,İSTANBUL,TREMRTT00016,STOCK
MERKO,MERKO GIDA SANAYİ VE TİCARET A.Ş.,İSTANBUL,TRAMERKO91A5,STOCK
METEN,METGÜN ENERJİ YATIRIMLARI A.Ş.,İSTANBUL,,UNRESOLVED
METRO,METRO TİCARİ VE MALİ YATIRIMLAR HOLDİNG A.Ş.,İSTANBUL,TRAVANET91A5,STOCK
MEYSU,MEYSU GIDA SANAYİ VE TİCARET A.Ş.,KAYSERİ,TREMYSU00020,STOCK
MGROS,MİGROS TİCARET A.Ş.,İSTANBUL,TREMGTI00012,STOCK
MHRGY,MHR GAYRİMENKUL YATIRIM ORTAKLIĞI A.Ş.,İSTANBUL,TREMHRG00018,STOCK
MIATK,MİA TEKNOLOJİ A.Ş.,ANKARA,TREMIAT00015,STOCK
MILKS,MİLK ACADEMY SÜT ÜRÜNLERİ SANAYİ VE TİCARET A.Ş.,BURSA,,UNRESOLVED
MINTF,MİNT FİNANSMAN A.Ş.,İSTANBUL,,NON_EQUITY
MMCAS,MMC SANAYİ VE TİCARİ YATIRIMLAR A.Ş.,İSTANBUL,TREGNTR00011,STOCK
MNDRS,MENDERES TEKSTİL SANAYİ VE TİCARET A.Ş.,İZMİR,TRAMNDRS91B0,STOCK
MNDTR,MONDİ TURKEY OLUKLU MUKAVVA KAĞIT VE AMBALAJ SANAYİ A.Ş.,İZMİR,TRATIREW91D1,STOCK
MNGFA,MNG FAKTORİNG A.Ş.,İSTANBUL,,NON_EQUITY
MOBTL,MOBİLTEL İLETİŞİM HİZMETLERİ SANAYİ VE TİCARET A.Ş.,İSTANBUL,TREMBTL00025,STOCK
MOGAN,MOGAN ENERJİ YATIRIM HOLDİNG A.Ş.,ANKARA,TREMOGN00021,STOCK
MOPAS,MOPAŞ MARKETÇİLİK GIDA SANAYİ VE TİCARET A.Ş.,İSTANBUL,TREMPAS00012,STOCK
MPARK,MLP SAĞLIK HİZMETLERİ A.Ş.,İSTANBUL,TREMLPC00021,STOCK
MRBAS,MARBAŞ MENKUL DEĞERLER A.Ş.,İSTANBUL,,NON_EQUITY
MRBKF,MERCEDES BENZ KAMYON FİNANSMAN A.Ş.,İSTANBUL,,NON_EQUITY
MRGYO,MARTI GAYRİMENKUL YATIRIM ORTAKLIĞI A.Ş.,İSTANBUL,TREMRGY00013,STOCK
MRMAG,MARKA MAĞAZACILIK A.Ş.,İSTANBUL,,UNRESOLVED
MRS,MARBAŞ MENKUL DEĞERLER A.Ş.,İSTANBUL,,NON_EQUITY
MRSHL,MARSHALL BOYA VE VERNİK SANAYİİ A.Ş.,KOCAELİ,TRAMRSHL91E9,STOCK
MSA,MEKSA YATIRIM MENKUL DEĞERLER A.Ş.,İSTANBUL,,NON_EQUITY
MSGYO,MİSTRAL GAYRİMENKUL YATIRIM ORTAKLIĞI A.Ş.,İZMİR,TREMIST00017,STOCK
MSY,MİSYON YATIRIM BANKASI A.Ş.,İSTANBUL,,NON_EQUITY
MSYBN,MİSYON YATIRIM BANKASI A.Ş.,İSTANBUL,,NON_EQUITY
MTRKS,MATRİKS FİNANSAL TEKNOLOJİLER A.Ş.,İSTANBUL,TREMTRK00015,STOCK
MTRYO,METRO YATIRIM ORTAKLIĞI A.Ş.,İSTANBUL,TRAECBYO91Q7,STOCK
MZHLD,MAZHAR ZORLU HOLDİNG A.Ş.,İZMİR,TRAMZHLD94Q2,STOCK
NATEN,NATUREL YENİLENEBİLİR ENERJİ TİCARET A.Ş.,ANKARA,TRENATU00026,STOCK
NETAS,NETAŞ TELEKOMÜNİKASYON A.Ş.,İSTANBUL,TRANETAS91H6,STOCK
NETCD,NETCAD YAZILIM A.Ş.,ANKARA,TRENETC00026,STOCK
NIBAS,NİĞBAŞ NİĞDE BETON SANAYİ VE TİCARET A.Ş.,NİĞDE,TRENNBS00013,STOCK
NRBNK,NUROL YATIRIM BANKASI A.Ş.,İSTANBUL,,NON_EQUITY
NTGAZ,NATURELGAZ SANAYİ VE TİCARET A.Ş.,İSTANBUL,TRENTGZ00014,STOCK
NTHOL,NET HOLDİNG A.Ş.,İSTANBUL,TRANTHOL91Q6,STOCK
NUGYO,NUROL GAYRİMENKUL YATIRIM ORTAKLIĞI A.Ş.,İSTANBUL,TRANUGYO91Q9,STOCK
NUHCM,NUH ÇİMENTO SANAYİ A.Ş.,KOCAELİ,TRANUHCM91F0,STOCK
NURVK,NUROL VARLIK KİRALAMA A.Ş.,,,NON_EQUITY
NYB,NUROL YATIRIM BANKASI A.Ş.,İSTANBUL,,NON_EQUITY
OBAMS,OBA MAKARNACILIK SANAYİ VE TİCARET A.Ş.,GAZİANTEP,TREOBAM00011,STOCK
OBASE,OBASE BİLGİSAYAR VE DANIŞMANLIK HİZMETLERİ TİCARET A.Ş.,İSTANBUL,TREOBAS00018,STOCK
ODAS,ODAŞ ELEKTRİK ÜRETİM SANAYİ TİCARET A.Ş.,İSTANBUL,TREODAS00014,STOCK
ODINE,ODİNE SOLUTİONS TEKNOLOJİ TİCARET VE SANAYİ A.Ş.,İSTANBUL,TREODNE00017,STOCK
OFSYM,OFİS YEM GIDA SANAYİ TİCARET A.Ş.,ANKARA,TREOFSY00027,STOCK
OMD,OSMANLI YATIRIM MENKUL DEĞERLER A.Ş.,İSTANBUL,,DUPLICATE (see OSMEN)
ONCSM,ONCOSEM ONKOLOJİK SİSTEMLER SANAYİ VE TİCARET A.Ş.,ANKARA,TREONCO00026,STOCK
ONRYT,ONUR YÜKSEK TEKNOLOJİ A.Ş.,ANKARA,TREONRY00015,STOCK
OPET,OPET PETROLCÜLÜK A.Ş.,İSTANBUL,,UNRESOLVED
ORCAY,ORÇAY ORTAKÖY ÇAY SANAYİ VE TİCARET A.Ş.,RİZE,TREORCY00026,STOCK
ORFIN,ORFİN FİNANSMAN A.Ş.,İSTANBUL,,NON_EQUITY
ORGE,ORGE ENERJİ ELEKTRİK TAAHHÜT A.Ş.,İSTANBUL,TREORGE00011,STOCK
ORMA,ORMA ORMAN MAHSÜLLERİ İNTEGRE SANAYİ VE TİCARET A.Ş.,İSTANBUL,TREORMA00017,STOCK
ORZAX,ORZAKS İLAÇ VE KİMYA SANAYİ TİCARET A.Ş.,İSTANBUL,TREORZK00018,STOCK
OSMEN,OSMANLI YATIRIM MENKUL DEĞERLER A.Ş.,İSTANBUL,TREOSMK00022,STOCK
OSTIM,OSTİM ENDÜSTRİYEL YATIRIMLAR VE İŞLETME A.Ş.,ANKARA,TREOSTM00015,STOCK
OSVKS,OSMANLI VARLIK KİRALAMA A.Ş.,İSTANBUL,,NON_EQUITY
OTKAR,OTOKAR OTOMOTİV VE SAVUNMA SANAYİ A.Ş.,İSTANBUL,TRAOTKAR91H3,STOCK
OTOSR,OTOSOR OTOMOTİV A.Ş.,İSTANBUL,,UNRESOLVED
OTTO,OTTO HOLDİNG A.Ş.,İSTANBUL,TRETTUR00019,STOCK
OYA,OYAK YATIRIM MENKUL DEĞERLER A.Ş.,İSTANBUL,,DUPLICATE (see OYYAT)
OYAKC,OYAK ÇİMENTO FABRİKALARI A.Ş.,ANKARA,,UNRESOLVED
OYAYO,OYAK YATIRIM ORTAKLIĞI A.Ş.,İSTANBUL,TREOYAY00018,STOCK
OYLUM,OYLUM SINAİ YATIRIMLAR A.Ş.,KAYSERİ,TREOYLS00017,STOCK
OYYAT,OYAK YATIRIM MENKUL DEĞERLER A.Ş.,İSTANBUL,TREOYMD00017,STOCK
OZATD,ÖZATA DENİZCİLİK SANAYİ VE TİCARET A.Ş.,YALOVA,TREOZAT00023,STOCK
OZGYO,ÖZDERİCİ GAYRİMENKUL YATIRIM ORTAKLIĞI A.Ş.,İSTANBUL,TRAOZFIN91P5,STOCK
OZKGY,ÖZAK GAYRİMENKUL YATIRIM ORTAKLIĞI A.Ş.,İSTANBUL,TREOZAK00014,STOCK
OZRDN,ÖZERDEN AMBALAJ SANAYİ A.Ş.,İSTANBUL,TREOZER00029,STOCK
OZSUB,ÖZSU BALIK ÜRETİM A.Ş.,İZMİR,TREOZSU00023,STOCK
OZYSR,ÖZYAŞAR TEL VE GALVANİZLEME SANAYİ A.Ş.,İSTANBUL,TREOZYS00025,STOCK
PAGYO,PANORA GAYRİMENKUL YATIRIM ORTAKLIĞI A.Ş.,ANKARA,TREPGYO00013,STOCK
PAHOL,PASİFİK HOLDİNG A.Ş.,ANKARA,TREPSFH00011,STOCK
PAMEL,PAMEL YENİLENEBİLİR ELEKTRİK ÜRETİM A.Ş.,İSTANBUL,TREBOMO00012,STOCK
PAPIL,PAPİLON SAVUNMA TEKNOLOJİ VE TİCARET A.Ş.,ANKARA,TREPAPL00010,STOCK
PARSN,PARSAN MAKİNA PARÇALARI SANAYİİ A.Ş.,İSTANBUL,TRAPARSN91H6,STOCK
PASEU,PASİFİK EURASİA LOJİSTİK DIŞ TİCARET A.Ş.,ANKARA,TREPASF00024,STOCK
PATEK,PASİFİK TEKNOLOJİ A.Ş.,İSTANBUL,TREPSFD00010,STOCK
PBT,PASHA YATIRIM BANKASI A.Ş.,İSTANBUL,,NON_EQUITY
PBTR,PASHA YATIRIM BANKASI A.Ş.,İSTANBUL,,NON_EQUITY
PCILT,PC İLETİŞİM VE MEDYA HİZMETLERİ SANAYİ TİCARET A.Ş.,İSTANBUL,TREPCIL00029,STOCK
PEKGY,PEKER GAYRİMENKUL YATIRIM ORTAKLIĞI A.Ş.,İSTANBUL,TREPEGY00022,STOCK
PENGD,PENGUEN GIDA SANAYİ A.Ş.,BURSA,TRAPENGD91A8,STOCK
PENTA,PENTA TEKNOLOJİ ÜRÜNLERİ DAĞITIM TİCARET A.Ş.,İSTANBUL,TREPNTA00042,STOCK
PETKM,PETKİM PETROKİMYA HOLDİNG A.Ş.,İZMİR,TRAPETKM91E0,STOCK
PETUN,PINAR ENTEGRE ET VE UN SANAYİİ A.Ş.,İZMİR,TRAPETUN91A5,STOCK
PGSUS,PEGASUS HAVA TAŞIMACILIĞI A.Ş.,İSTANBUL,TREPEGS00016,STOCK
PINSU,PINAR SU VE İÇECEK SANAYİ VE TİCARET A.Ş.,İZMİR,TRAPINSU91A8,STOCK
PKART,PLASTİKKART AKILLI KART İLETİŞİM SİSTEMLERİ SANAYİ VE TİCARET A.Ş.,İSTANBUL,TREPKRT00018,STOCK
PKENT,PETROKENT TURİZM A.Ş.,ANKARA,TRAPKENT91K5,STOCK
PLTUR,PLATFORM TURİZM TAŞIMACILIK GIDA İNŞAAT TEMİZLİK HİZMETLERİ SANAYİ VE TİCARET A.Ş.,İSTANBUL,TREPLTU00028,STOCK
PNLSN,PANELSAN ÇATI CEPHE SİSTEMLERİ SANAYİ VE TİCARET A.Ş.,ANKARA,TREPNLS00017,STOCK
PNSUT,PINAR SÜT MAMÜLLERİ SANAYİİ A.Ş.,İZMİR,TRAPNSUT91A5,STOCK
POLHO,POLİSAN HOLDİNG A.Ş.,KOCAELİ,TREPOHO00012,STOCK
POLTK,POLİTEKNİK METAL SANAYİ VE TİCARET A.Ş.,İSTANBUL,TREPOLT00013,STOCK
PRDGS,PARDUS GİRİŞİM SERMAYESİ YATIRIM ORTAKLIĞI A.Ş.,İSTANBUL,TREPRDS00023,STOCK
PRFFK,PARAFİNANS FAKTORİNG A.Ş.,İSTANBUL,,NON_EQUITY
PRKAB,TÜRK PRYSMİAN KABLO VE SİSTEMLERİ A.Ş.,BURSA,TRASMENS91H3,STOCK
PRKME,PARK ELEKTRİK ÜRETİM MADENCİLİK SANAYİ VE TİCARET A.Ş.,İSTANBUL,TRAPRKTE91B5,STOCK
PRZMA,PRİZMA PRES MATBAACILIK YAYINCILIK SANAYİ VE TİCARET A.Ş.,İSTANBUL,TREPRZM00011,STOCK
PSDTC,PERGAMON STATUS DIŞ TİCARET A.Ş.,İZMİR,TREPERG00018,STOCK
PSGYO,PASİFİK GAYRİMENKUL YATIRIM ORTAKLIĞI A.Ş.,ANKARA,TREPSFK00023,STOCK
QNBFF,QNB FAKTORİNG A.Ş.,İSTANBUL,,NON_EQUITY
QNBFK,QNB FİNANSAL KİRALAMA A.Ş.,İSTANBUL,,NON_EQUITY
QNBTR,QNB BANK A.Ş.,İSTANBUL,,UNRESOLVED
QNBVK,QNB VARLIK KİRALAMA A.Ş.,İSTANBUL,,NON_EQUITY
QUAGR,QUA GRANITE HAYAL YAPI VE ÜRÜNLERİ SANAYİ TİCARET A.Ş.,AYDIN,TREQAGR00022,STOCK
QUFIN,QUICK FİNANSMAN A.Ş.,İSTANBUL,,NON_EQUITY
QYATB,Q YATIRIM BANKASI A.Ş.,İZMİR,,NON_EQUITY
QYHOL,Q YATIRIM HOLDİNG A.Ş.,AYDIN,,UNRESOLVED
RALYH,RAL YATIRIM HOLDİNG A.Ş.,ANKARA,,UNRESOLVED
RAYSG,RAY SİGORTA A.Ş.,İSTANBUL,TRARAYSG91O8,STOCK
REEDR,REEDER TEKNOLOJİ SANAYİ VE TİCARET A.Ş.,SAMSUN,TREREED00035,STOCK
RGYAS,RÖNESANS GAYRİMENKUL YATIRIM A.Ş.,ANKARA,TRERSGY00036,STOCK
RNPOL,RAİNBOW POLİKARBONAT SANAYİ TİCARET A.Ş.,KAYSERİ,TRERNPL00027,STOCK
RODRG,RODRİGO TEKSTİL SANAYİ VE TİCARET A.Ş.,İSTANBUL,TRERDRT00019,STOCK
RTALB,RTA LABORATUVARLARI BİYOLOJİK ÜRÜNLER İLAÇ VE MAKİNE SANAYİ TİCARET A.Ş.,KOCAELİ,TRERTAL00018,STOCK
RUBNS,RUBENİS TEKSTİL SANAYİ TİCARET A.Ş.,İSTANBUL,TRERBNS00014,STOCK
RUZYE,RUZY MADENCİLİK VE ENERJİ YATIRIMLARI SANAYİ VE TİCARET A.Ş.,İZMİR,TRAALYAG91A8,STOCK
RYGYO,REYSAŞ GAYRİMENKUL YATIRIM ORTAKLIĞI A.Ş.,İSTANBUL,TRERGYO00019,STOCK
RYSAS,REYSAŞ TAŞIMACILIK VE LOJİSTİK TİCARET A.Ş.,İSTANBUL,TREREYS00015,STOCK
SAFKR,SAFKAR EGE SOĞUTMACILIK KLİMA SOĞUK HAVA TESİSLERİ İHRACAT İTHALAT SANAYİ VE TİCARET A.Ş.,İZMİR,TRESFEK00027,STOCK
SAHOL,HACI ÖMER SABANCI HOLDİNG A.Ş.,İSTANBUL,TRASAHOL91Q5,STOCK
SAMAT,SARAY MATBAACILIK KAĞITÇILIK KIRTASİYECİLİK TİCARET VE SANAYİ A.Ş.,ANKARA,TRESRAY00013,STOCK
SANEL,SAN-EL MÜHENDİSLİK ELEKTRİK TAAHHÜT SANAYİ VE TİCARET A.Ş.,İSTANBUL,TRESNEL00011,STOCK
SANFM,SANİFOAM ENDÜSTRİ VE TÜKETİM ÜRÜNLERİ SANAYİ TİCARET A.Ş.,TEKİRDAĞ,TRESNFM00016,STOCK
SANKO,SANKO PAZARLAMA İTHALAT İHRACAT A.Ş.,GAZİANTEP,TRASANKO91I2,STOCK
SARKY,SARKUYSAN ELEKTROLİTİK BAKIR SANAYİ VE TİCARET A.Ş.,KOCAELİ,TRASARKY91G6,STOCK
SARTN,SARTEN AMBALAJ SANAYİ VE TİCARET A.Ş.,,,UNRESOLVED
SASA,SASA POLYESTER SANAYİ A.Ş.,ADANA,TRASASAW91E4,STOCK
SAYAS,SAY YENİLENEBİLİR ENERJİ EKİPMANLARI SANAYİ VE TİCARET A.Ş.,İZMİR,TRESAYR00013,STOCK
SDTTR,SDT UZAY VE SAVUNMA TEKNOLOJİLERİ A.Ş.,ANKARA,TRESDTT00013,STOCK
SEGMN,SEĞMEN KARDEŞLER GIDA ÜRETİM VE AMBALAJ SANAYİ A.Ş.,ANKARA,TRESGMN00022,STOCK
SEGYO,ŞEKER GAYRİMENKUL YATIRIM ORTAKLIĞI A.Ş.,İSTANBUL,TRESKGY00015,STOCK
SEK,ŞEKERBANK T.A.Ş.,,,DUPLICATE (see SKBNK)
SEKFK,ŞEKER FİNANSAL KİRALAMA A.Ş.,İSTANBUL,TRESKFK00016,STOCK
SEKUR,SEKURO PLASTİK AMBALAJ SANAYİ A.Ş.,İSTANBUL,TRESKPA00016,STOCK
SELEC,SELÇUK ECZA DEPOSU TİCARET VE SANAYİ A.Ş.,İSTANBUL,TRESLEC00014,STOCK
SELVA,SELVA GIDA SANAYİ A.Ş.,KONYA,TRESLVA00020,STOCK
SERNT,SERANİT GRANİT SERAMİK SANAYİ VE TİCARET A.Ş.,İSTANBUL,TRESRNT00016,STOCK
SEYKM,SEYİTLER KİMYA SANAYİ A.Ş.,MANİSA,TRESEYT00011,STOCK
SILVR,SİLVERLİNE ENDÜSTRİ VE TİCARET A.Ş.,AMASYA,TRESLVR00016,STOCK
SISE,TÜRKİYE ŞİŞE VE CAM FABRİKALARI A.Ş.,İSTANBUL,TRASISEW91Q3,STOCK
SKBNK,ŞEKERBANK T.A.Ş.,,TRASKBNK91N8,STOCK
SKTAS,SÖKTAŞ TEKSTİL SANAYİ VE TİCARET A.Ş.,AYDIN,TRASKTAS91B5,STOCK
SKY,ŞEKER YATIRIM MENKUL DEĞERLER A.Ş.,İSTANBUL,,DUPLICATE (see SKYMD)
SKYLP,SKYALP FİNANSAL TEKNOLOJİLER VE DANIŞMANLIK A.Ş.,İSTANBUL,TREMCTD00012,STOCK
SKYMD,ŞEKER YATIRIM MENKUL DEĞERLER A.Ş.,İSTANBUL,TRESKMD00017,STOCK
SMART,SMARTİKS YAZILIM A.Ş.,İSTANBUL,TRESMRT00018,STOCK
SMRFA,SÜMER FAKTORİNG A.Ş.,İSTANBUL,,NON_EQUITY
SMRTG,SMART GÜNEŞ ENERJİSİ TEKNOLOJİLERİ ARAŞTIRMA GELİŞTİRME ÜRETİM SANAYİ VE TİCARET A.Ş.,İSTANBUL,TRESMAR00026,STOCK
SMRVA,SÜMER VARLIK YÖNETİM A.Ş.,İSTANBUL,TRESUVY00013,STOCK
SNGYO,SİNPAŞ GAYRİMENKUL YATIRIM ORTAKLIĞI A.Ş.,İSTANBUL,TRESNGY00019,STOCK
SNICA,SANİCA ISI SANAYİ A.Ş.,İSTANBUL,TRESANK00011,STOCK
SNPAM,SÖNMEZ PAMUKLU SANAYİİ A.Ş.,BURSA,TRASNPAM91B0,STOCK
SODSN,SODAŞ SODYUM SANAYİİ A.Ş.,İZMİR,TRESODS00016,STOCK
SOHOE,SOHO GİYİM VE ENERJİ A.Ş.,İSTANBUL,TRESOHO00016,STOCK
SOKE,SÖKE DEĞİRMENCİLİK SANAYİ VE TİCARET A.Ş.,AYDIN,TRESOKE00029,STOCK
SOKM,ŞOK MARKETLER TİCARET A.Ş.,İSTANBUL,TRESOKM00022,STOCK
SONME,SÖNMEZ FİLAMENT SENTETİK İPLİK VE ELYAF SANAYİ A.Ş.,BURSA,TRASONME91B5,STOCK
SRVGY,SERVET GAYRİMENKUL YATIRIM ORTAKLIĞI A.Ş.,İSTANBUL,TRESRGY00010,STOCK
SUMAS,SUMAŞ SUNİ TAHTA VE MOBİLYA SANAYİİ A.Ş.,BALIKESİR,TRESMAS00016,STOCK
SUNTK,SUN TEKSTİL SANAYİ VE TİCARET A.Ş.,İZMİR,TRESUNT00010,STOCK
SURGY,SUR TATİL EVLERİ GAYRİMENKUL YATIRIM ORTAKLIĞI A.Ş.,İSTANBUL,TRESRTE00023,STOCK
SUWEN,SUWEN TEKSTİL SANAYİ PAZARLAMA A.Ş.,İSTANBUL,TRESUWN00022,STOCK
SVGYO,SAVUR GAYRİMENKUL YATIRIM ORTAKLIĞI A.Ş.,İSTANBUL,TRESVRG00024,STOCK
TABGD,TAB GIDA SANAYİ VE TİCARET A.Ş.,İSTANBUL,TRETABG00020,STOCK
TAC,TACİRLER YATIRIM MENKUL DEĞERLER A.Ş.,İSTANBUL,,NON_EQUITY
TAE,TERA YATIRIM BANKASI A.Ş.,İSTANBUL,,NON_EQUITY
TAMFA,TAM FİNANS FAKTORİNG A.Ş.,İSTANBUL,,NON_EQUITY
TARKM,TARKİM BİTKİ KORUMA SANAYİ VE TİCARET A.Ş.,MANİSA,TRETRKM00015,STOCK
TATEN,TATLIPINAR ENERJİ ÜRETİM A.Ş.,İSTANBUL,TRETATL00022,STOCK
TATGD,TAT GIDA SANAYİ A.Ş.,İSTANBUL,TRATATKS91A5,STOCK
TAVHL,TAV HAVALİMANLARI HOLDİNG A.Ş.,İSTANBUL,TRETAVH00018,STOCK
TBORG,TÜRK TUBORG BİRA VE MALT SANAYİİ A.Ş.,İZMİR,TRATBORG91A4,STOCK
TCELL,TURKCELL İLETİŞİM HİZMETLERİ A.Ş.,İSTANBUL,TRATCELL91M1,STOCK
TCKRC,KIRAÇ GALVANİZ TELEKOMİNİKASYON METAL MAKİNE İNŞAAT ELEKTRİK SANAYİ VE TİCARET A.Ş.,BURSA,TREKIRC00019,STOCK
TCRYT,TACİRLER YATIRIM MENKUL DEĞERLER A.Ş.,İSTANBUL,,NON_EQUITY
TDGYO,TREND GAYRİMENKUL YATIRIM ORTAKLIĞI A.Ş.,İSTANBUL,TRETGYO00023,STOCK
TEBFA,TEB FAKTORİNG A.Ş.,İSTANBUL,,NON_EQUITY
TEHOL,TERA YATIRIM TEKNOLOJİ HOLDİNG A.Ş.,İSTANBUL,TRAGLOBL91Q0,STOCK
TEKTU,TEK-ART İNŞAAT TİCARET TURİZM SANAYİ VE YATIRIMLAR A.Ş.,İSTANBUL,TRATEKTU91K2,STOCK
TERA,TERA YATIRIM MENKUL DEĞERLER A.Ş.,İSTANBUL,TRETERA00013,STOCK
TEVKS,TERA VARLIK KİRALAMA A.Ş.,İSTANBUL,,NON_EQUITY
TEZOL,EUROPAP TEZOL KAĞIT SANAYİ VE TİCARET A.Ş.,İZMİR,TRETEZL00021,STOCK
TFNVK,TF VARLIK KİRALAMA A.Ş.,İSTANBUL,,NON_EQUITY
TGB,TÜRKİYE GARANTİ BANKASI A.Ş.,İSTANBUL,,DUPLICATE (see GARAN)
TGSAS,TGS DIŞ TİCARET A.Ş.,İSTANBUL,TRETGSD00010,STOCK
THL,TÜRKİYE HALK BANKASI A.Ş.,İSTANBUL,,DUPLICATE (see HALKB)
THR,TÜRKİYE İHRACAT KREDİ BANKASI A.Ş.,İSTANBUL,,UNRESOLVED
THYAO,TÜRK HAVA YOLLARI A.O.,İSTANBUL,TRATHYAO91M5,STOCK
TIB,TÜRKİYE İŞ BANKASI A.Ş.,İSTANBUL,,DUPLICATE (see ISKUR)
TIMUR,TİMUR GAYRİMENKUL GELİŞTİRME YAPI VE YATIRIM A.Ş.,İSTANBUL,,UNRESOLVED
TKFEN,TEKFEN HOLDİNG A.Ş.,İSTANBUL,TRETKHO00012,STOCK
TKNSA,TEKNOSA İÇ VE DIŞ TİCARET A.Ş.,İSTANBUL,TRETKNO00010,STOCK
TLMAN,TRABZON LİMAN İŞLETMECİLİĞİ A.Ş.,TRABZON,TRETLMN00020,STOCK
TMPOL,TEMAPOL POLİMER PLASTİK VE İNŞAAT SANAYİ TİCARET A.Ş.,KAYSERİ,TRETMPL00017,STOCK
TMSN,TÜMOSAN MOTOR VE TRAKTÖR SANAYİ A.Ş.,İSTANBUL,TRETUMO00011,STOCK
TNZTP,TAPDİ OKSİJEN ÖZEL SAĞLIK VE EĞİTİM HİZMETLERİ SANAYİ TİCARET A.Ş.,İZMİR,TRETAPD00019,STOCK
TOASO,TOFAŞ TÜRK OTOMOBİL FABRİKASI A.Ş.,İSTANBUL,TRATOASO91H3,STOCK
TRA,TERA YATIRIM MENKUL DEĞERLER A.Ş.,İSTANBUL,,DUPLICATE (see TERA)
TRALT,TÜRK ALTIN İŞLETMELERİ A.Ş.,ANKARA,TREKOAL00014,STOCK
TRBNK,TERA YATIRIM BANKASI A.Ş.,İSTANBUL,,NON_EQUITY
TRCAS,TURCAS HOLDİNG A.Ş.,İSTANBUL,TRATRCAS92E6,STOCK
TRENJ,TR DOĞAL ENERJİ KAYNAKLARI ARAŞTIRMA VE ÜRETİM A.Ş.,ANKARA,TRAIPMAT92D2,STOCK
TRFFA,TERA FİNANS FAKTORİNG A.Ş.,İSTANBUL,,NON_EQUITY
TRGYO,TORUNLAR GAYRİMENKUL YATIRIM ORTAKLIĞI A.Ş.,İSTANBUL,TRETRGY00018,STOCK
TRHOL,TERA FİNANSAL YATIRIMLAR HOLDİNG A.Ş.,İSTANBUL,,UNRESOLVED
TRILC,TURK İLAÇ VE SERUM SANAYİ A.Ş.,ANKARA,TRETRLC00022,STOCK
TRKFN,TURK FİNANSMAN A.Ş.,İSTANBUL,,NON_EQUITY
TRKNT,TURKNET İLETİŞİM HİZMETLERİ A.Ş.,İSTANBUL,,UNRESOLVED
TRMEN,TRIVE YATIRIM MENKUL DEĞERLER A.Ş.,İSTANBUL,,NON_EQUITY
TRMET,TR ANADOLU METAL MADENCİLİK İŞLETMELERİ A.Ş.,ANKARA,TREKOZA00014,STOCK
TRYKI,TİRYAKİ AGRO GIDA SANAYİ VE TİCARET A.Ş.,İSTANBUL,,UNRESOLVED
TSGYO,TSKB GAYRİMENKUL YATIRIM ORTAKLIĞI A.Ş.,İSTANBUL,TRETSGY00016,STOCK
TSK,TÜRKİYE SINAİ KALKINMA BANKASI A.Ş.,İSTANBUL,,DUPLICATE (see TSKB)
TSKB,TÜRKİYE SINAİ KALKINMA BANKASI A.Ş.,İSTANBUL,TRATSKBW91N0,STOCK
TSPOR,TRABZONSPOR SPORTİF YATIRIM VE FUTBOL İŞLETMECİLİĞİ TİCARET A.Ş.,TRABZON,TRETRBZ00016,STOCK
TTKOM,TÜRK TELEKOMÜNİKASYON A.Ş.,ANKARA,TRETTLK00013,STOCK
TTRAK,TÜRK TRAKTÖR VE ZİRAAT MAKİNELERİ A.Ş.,ANKARA,TRETTRK00010,STOCK
TUCLK,TUĞÇELİK ALÜMİNYUM VE METAL MAMÜLLERİ SANAYİ VE TİCARET A.Ş.,İSTANBUL,TRETUGC00018,STOCK
TUKAS,TUKAŞ GIDA SANAYİ VE TİCARET A.Ş.,İZMİR,TRATUKAS91A3,STOCK
TUPRS,TÜPRAŞ-TÜRKİYE PETROL RAFİNERİLERİ A.Ş.,İSTANBUL,TRATUPRS91E8,STOCK
TUREX,TUREKS TURİZM TAŞIMACILIK A.Ş.,İSTANBUL,TRETURX00045,STOCK
TURGG,TÜRKER PROJE GAYRİMENKUL VE YATIRIM GELİŞTİRME A.Ş.,İSTANBUL,TREMYPG00017,STOCK
TURSG,TÜRKİYE SİGORTA A.Ş.,İSTANBUL,TRAGUSGR91O3,STOCK
TV8TV,TV8 TV YAYINCILIK A.Ş.,İSTANBUL,,UNRESOLVED
TVB,TÜRKİYE VAKIFLAR BANKASI T.A.O.,İSTANBUL,,DUPLICATE (see VAKBN)
TVM,TRIVE YATIRIM MENKUL DEĞERLER A.Ş.,İSTANBUL,,NON_EQUITY
UCAYM,ÜÇAY MÜHENDİSLİK ENERJİ VE İKLİMLENDİRME TEKNOLOJİLERİ A.Ş.,İSTANBUL,TREUCYM00024,STOCK
UFUK,UFUK YATIRIM YÖNETİM VE GAYRİMENKUL A.Ş.,İSTANBUL,TREFNFK00017,STOCK
ULAS,ULAŞLAR TURİZM ENERJİ TARIM GIDA VE İNŞAAT YATIRIMLARI A.Ş.,ANKARA,TREULAS00014,STOCK
ULKER,ÜLKER BİSKÜVİ SANAYİ A.Ş.,İSTANBUL,TREULKR00015,STOCK
ULUFA,ULUSAL FAKTORİNG A.Ş.,İSTANBUL,TREULFK00036,STOCK
ULUSE,ULUSOY ELEKTRİK İMALAT TAAHHÜT VE TİCARET A.Ş.,ANKARA,TREULET00014,STOCK
ULUUN,ULUSOY UN SANAYİ VE TİCARET A.Ş.,SAMSUN,TREULSY00014,STOCK
UMPAS,UMPAŞ HOLDİNG A.Ş.,UŞAK,TREUMPA00018,STOCK
UNLU,ÜNLÜ YATIRIM HOLDİNG A.Ş.,İSTANBUL,TREUNCO00023,STOCK
USAK,UŞAK SERAMİK SANAYİ A.Ş.,UŞAK,TRAUSAKW91F6,STOCK
VAKBN,TÜRKİYE VAKIFLAR BANKASI T.A.O.,İSTANBUL,TREVKFB00019,STOCK
VAKFA,VAKIF FAKTORİNG A.Ş.,İSTANBUL,TREVFAS00022,STOCK
VAKFN,VAKIF FİNANSAL KİRALAMA A.Ş.,İSTANBUL,TRAVAKFN91P9,STOCK
VAKKO,VAKKO TEKSTİL VE HAZIR GİYİM SANAYİ İŞLETMELERİ A.Ş.,İSTANBUL,TRAVAKKO91B7,STOCK
VAKVK,VAKIF VARLIK KİRALAMA A.Ş.,İSTANBUL,,NON_EQUITY
VANGD,VANET GIDA SANAYİ İÇ VE DIŞ TİCARET A.Ş.,İSTANBUL,TREVNGS00015,STOCK
VBTYZ,VBT YAZILIM A.Ş.,İSTANBUL,TREVBTY00029,STOCK
VDFAS,VOLKSWAGEN DOĞUŞ FİNANSMAN A.Ş.,İSTANBUL,,NON_EQUITY
VDFLO,VDF FİLO KİRALAMA A.Ş.,İSTANBUL,,NON_EQUITY
VERTU,VERUSATURK GİRİŞİM SERMAYESİ YATIRIM ORTAKLIĞI A.Ş.,İSTANBUL,TREVRSA00019,STOCK
VERUS,VERUSA HOLDİNG A.Ş.,İSTANBUL,TREVERS00011,STOCK
VESBE,VESTEL BEYAZ EŞYA SANAYİ VE TİCARET A.Ş.,İSTANBUL,TREVEST00017,STOCK
VESTL,VESTEL ELEKTRONİK SANAYİ VE TİCARET A.Ş.,İSTANBUL,TRAVESTL91H6,STOCK
VKFYO,VAKIF MENKUL KIYMET YATIRIM ORTAKLIĞI A.Ş.,İSTANBUL,TRAVKFYT91Q4,STOCK
VKGYO,VAKIF GAYRİMENKUL YATIRIM ORTAKLIĞI A.Ş.,İSTANBUL,TRAVKGYO91Q3,STOCK
VKING,VİKİNG KAĞIT VE SELÜLOZ A.Ş.,İZMİR,TRAVKING91D6,STOCK
VRGYO,VERA KONSEPT GAYRİMENKUL YATIRIM ORTAKLIĞI A.Ş.,ANKARA,TREVRKP00022,STOCK
VSNMD,VİŞNE MADENCİLİK ÜRETİM SANAYİ VE TİCARET A.Ş.,İZMİR,TREVISN00029,STOCK
YAPRK,YAPRAK SÜT VE BESİ ÇİFTLİKLERİ SANAYİ VE TİCARET A.Ş.,İSTANBUL,TREYSBS00019,STOCK
YATAS,YATAŞ YATAK VE YORGAN SANAYİ TİCARET A.Ş.,KAYSERİ,TRAYATAS91B4,STOCK
YATVK,YATIRIM VARLIK KİRALAMA A.Ş.,İSTANBUL,,NON_EQUITY
YAYLA,YAYLA ENERJİ ÜRETİM TURİZM VE İNŞAAT TİCARET A.Ş.,ANKARA,TREYAYL00014,STOCK
YBQ,Q YATIRIM BANKASI A.Ş.,İZMİR,,NON_EQUITY
YBTAS,YİBİTAŞ YOZGAT İŞÇİ BİRLİĞİ İNŞAAT MALZEMELERİ TİCARET VE SANAYİ A.Ş.,YOZGAT,TREYBTS00017,STOCK
YEOTK,YEO TEKNOLOJİ ENERJİ VE ENDÜSTRİ A.Ş.,İSTANBUL,TREYEOT00010,STOCK
YESIL,YEŞİL YATIRIM HOLDİNG A.Ş.,İSTANBUL,TREINFO00013,STOCK
YGGYO,YENİ GİMAT GAYRİMENKUL YATIRIM ORTAKLIĞI A.Ş.,ANKARA,TREYGMI00012,STOCK
YIGIT,YİĞİT AKÜ MALZEMELERİ NAKLİYAT TURİZM İNŞAAT SANAYİ VE TİCARET A.Ş.,ANKARA,TREYIGT00025,STOCK
YKB,YAPI VE KREDİ BANKASI A.Ş.,İSTANBUL,,DUPLICATE (see YKBNK)
YKBNK,YAPI VE KREDİ BANKASI A.Ş.,İSTANBUL,TRAYKBNK91N6,STOCK
YKFIN,YAPI KREDİ FİNANSAL KİRALAMA A.O.,İSTANBUL,TRAYKFIN92P4,STOCK
YKFKT,YAPI KREDİ FAKTORİNG A.Ş.,İSTANBUL,,NON_EQUITY
YKR,YAPI KREDİ YATIRIM MENKUL DEĞERLER A.Ş.,İSTANBUL,,NON_EQUITY
YKSLN,YÜKSELEN ÇELİK A.Ş.,İSTANBUL,TREYUKC00028,STOCK
YKYAT,YAPI KREDİ YATIRIM MENKUL DEĞERLER A.Ş.,İSTANBUL,,NON_EQUITY
YONGA,YONGA MOBİLYA SANAYİ VE TİCARET A.Ş.,DENİZLİ,TREYONG00018,STOCK
YUNSA,YÜNSA YÜNLÜ SANAYİ VE TİCARET A.Ş.,İSTANBUL,TRAYUNSA91B5,STOCK
YYAPI,YEŞİL YAPI ENDÜSTRİSİ A.Ş.,İSTANBUL,TRABROVA91S5,STOCK
YYLGD,YAYLA AGRO GIDA SANAYİ VE TİCARET A.Ş.,ANKARA,TREYYLA00014,STOCK
ZEDUR,ZEDUR ENERJİ ELEKTRİK ÜRETİM A.Ş.,ANKARA,TREUTOP00014,STOCK
ZERGY,ZERAY GAYRİMENKUL YATIRIM ORTAKLIĞI A.Ş.,KOCAELİ,TREZERY00028,STOCK
ZGYO,Z GAYRİMENKUL YATIRIM ORTAKLIĞI A.Ş.,ANKARA,TREZGYO00020,STOCK
ZKBVK,ZİRAAT KATILIM VARLIK KİRALAMA A.Ş.,İSTANBUL,,NON_EQUITY
ZKBVR,ZKB VARLIK KİRALAMA A.Ş.,İSTANBUL,,NON_EQUITY
ZOREN,ZORLU ENERJİ ELEKTRİK ÜRETİM A.Ş.,BURSA,TRAZOREN91L8,STOCK
ZRGYO,ZİRAAT GAYRİMENKUL YATIRIM ORTAKLIĞI A.Ş.,İSTANBUL,TREZRGY00023,STOCK
